INSERT INTO user_accounts (role,
                           nickname,
                           status_message,
                           profile_image_url,
                           last_login_date,
                           created_at,
                           updated_at,
                           deleted_at)
VALUES ('ADMIN', 'admin', '관리자 계정', NULL, CURRENT_DATE, CURRENT_TIMESTAMP, CURRENT_TIMESTAMP, NULL),
       ('USER', 'alice', '안녕하세요, Alice입니다!', '/images/alice.png', CURRENT_DATE, CURRENT_TIMESTAMP,
        CURRENT_TIMESTAMP, NULL),
       ('USER', 'bob', 'Bob the builder', NULL, CURRENT_DATE, CURRENT_TIMESTAMP, CURRENT_TIMESTAMP,
        NULL);

INSERT INTO user_stats (user_id,
                        rating,
                        current_streak,
                        longest_streak,
                        solved_problems_count,
                        rival_count,
                        created_at,
                        updated_at,
                        deleted_at)
VALUES (1, 2500, 10, 15, 200, 5, CURRENT_TIMESTAMP, CURRENT_TIMESTAMP, NULL),
       (2, 1500, 3, 8, 75, 2, CURRENT_TIMESTAMP, CURRENT_TIMESTAMP, NULL),
       (3, 1200, 0, 0, 10, 0, CURRENT_TIMESTAMP, CURRENT_TIMESTAMP, NULL);
-- 5 Gyms
INSERT INTO gyms (gym_id, name, latitude, longitude, address, phone_number, description,
                  map_2d_url, created_at, updated_at)
VALUES (1, 'ClimbX Seoul', 37.5665, 126.9780, '123 Seoul St', '02-1234-5678', 'Best gym in Seoul',
        'http://map1.com', CURRENT_TIMESTAMP, CURRENT_TIMESTAMP),
       (2, 'Boulder Base', 37.5796, 126.9770, '456 Mapo-gu', '010-2345-6789', 'Bouldering only',
        'http://map2.com', CURRENT_TIMESTAMP, CURRENT_TIMESTAMP),
       (3, 'Peak Gym', 37.5700, 126.9820, '789 Jongno-gu', '031-3456-7890', 'Family friendly',
        'http://map3.com', CURRENT_TIMESTAMP, CURRENT_TIMESTAMP),
       (4, 'Summit Climb', 37.5610, 126.9950, '101 Gangnam-daero', '02-4567-8901',
        'Advanced routes', 'http://map4.com', CURRENT_TIMESTAMP,
        CURRENT_TIMESTAMP),
       (5, 'Urban Grip', 37.5550, 126.9700, '202 Itaewon-ro', '010-5678-9012', 'Downtown location',
        'http://map5.com', CURRENT_TIMESTAMP, CURRENT_TIMESTAMP);

-- 16 Problems
INSERT INTO problems (problem_rating,
                      created_at,
                      updated_at,
                      deleted_at)
VALUES (3837, CURRENT_TIMESTAMP, CURRENT_TIMESTAMP, NULL),
       (123, CURRENT_TIMESTAMP, CURRENT_TIMESTAMP, NULL),
       (24536, CURRENT_TIMESTAMP, CURRENT_TIMESTAMP, NULL),
       (234354, CURRENT_TIMESTAMP, CURRENT_TIMESTAMP, NULL),
       (32432, CURRENT_TIMESTAMP, CURRENT_TIMESTAMP, NULL),
       (23123, CURRENT_TIMESTAMP, CURRENT_TIMESTAMP, NULL),
       (1231, CURRENT_TIMESTAMP, CURRENT_TIMESTAMP, NULL),
       (1241214, CURRENT_TIMESTAMP, CURRENT_TIMESTAMP, NULL),
       (32525, CURRENT_TIMESTAMP, CURRENT_TIMESTAMP, NULL),
       (43535336, CURRENT_TIMESTAMP, CURRENT_TIMESTAMP, NULL),
       (235235, CURRENT_TIMESTAMP, CURRENT_TIMESTAMP, NULL),
       (755, CURRENT_TIMESTAMP, CURRENT_TIMESTAMP, NULL),
       (75222, CURRENT_TIMESTAMP, CURRENT_TIMESTAMP, NULL),
       (24342, CURRENT_TIMESTAMP, CURRENT_TIMESTAMP, NULL),
       (23, CURRENT_TIMESTAMP, CURRENT_TIMESTAMP, NULL),
       (423, CURRENT_TIMESTAMP, CURRENT_TIMESTAMP, NULL);


-- 1 Admin Video, 23 Alice Videos, 17 Bob Videos
INSERT INTO videos (user_id,
                    created_at,
                    updated_at,
                    deleted_at)
VALUES (1, CURRENT_TIMESTAMP, CURRENT_TIMESTAMP, NULL),
       (2, CURRENT_TIMESTAMP, CURRENT_TIMESTAMP, NULL),
       (2, CURRENT_TIMESTAMP, CURRENT_TIMESTAMP, NULL),
       (2, CURRENT_TIMESTAMP, CURRENT_TIMESTAMP, NULL),
       (2, CURRENT_TIMESTAMP, CURRENT_TIMESTAMP, NULL),
       (2, CURRENT_TIMESTAMP, CURRENT_TIMESTAMP, NULL),
       (2, CURRENT_TIMESTAMP, CURRENT_TIMESTAMP, NULL),
       (2, CURRENT_TIMESTAMP, CURRENT_TIMESTAMP, NULL),
       (2, CURRENT_TIMESTAMP, CURRENT_TIMESTAMP, NULL),
       (2, CURRENT_TIMESTAMP, CURRENT_TIMESTAMP, NULL),
       (2, CURRENT_TIMESTAMP, CURRENT_TIMESTAMP, NULL),
       (2, CURRENT_TIMESTAMP, CURRENT_TIMESTAMP, NULL),
       (2, CURRENT_TIMESTAMP, CURRENT_TIMESTAMP, NULL),
       (2, CURRENT_TIMESTAMP, CURRENT_TIMESTAMP, NULL),
       (2, CURRENT_TIMESTAMP, CURRENT_TIMESTAMP, NULL),
       (2, CURRENT_TIMESTAMP, CURRENT_TIMESTAMP, NULL),
       (2, CURRENT_TIMESTAMP, CURRENT_TIMESTAMP, NULL),
       (2, CURRENT_TIMESTAMP, CURRENT_TIMESTAMP, NULL),
       (2, CURRENT_TIMESTAMP, CURRENT_TIMESTAMP, NULL),
       (2, CURRENT_TIMESTAMP, CURRENT_TIMESTAMP, NULL),
       (2, CURRENT_TIMESTAMP, CURRENT_TIMESTAMP, NULL),
       (2, CURRENT_TIMESTAMP, CURRENT_TIMESTAMP, NULL),
       (2, CURRENT_TIMESTAMP, CURRENT_TIMESTAMP, NULL),
       (2, CURRENT_TIMESTAMP, CURRENT_TIMESTAMP, NULL),
       (3, CURRENT_TIMESTAMP, CURRENT_TIMESTAMP, NULL),
       (3, CURRENT_TIMESTAMP, CURRENT_TIMESTAMP, NULL),
       (3, CURRENT_TIMESTAMP, CURRENT_TIMESTAMP, NULL),
       (3, CURRENT_TIMESTAMP, CURRENT_TIMESTAMP, NULL),
       (3, CURRENT_TIMESTAMP, CURRENT_TIMESTAMP, NULL),
       (3, CURRENT_TIMESTAMP, CURRENT_TIMESTAMP, NULL),
       (3, CURRENT_TIMESTAMP, CURRENT_TIMESTAMP, NULL),
       (3, CURRENT_TIMESTAMP, CURRENT_TIMESTAMP, NULL),
       (3, CURRENT_TIMESTAMP, CURRENT_TIMESTAMP, NULL),
       (3, CURRENT_TIMESTAMP, CURRENT_TIMESTAMP, NULL),
       (3, CURRENT_TIMESTAMP, CURRENT_TIMESTAMP, NULL),
       (3, CURRENT_TIMESTAMP, CURRENT_TIMESTAMP, NULL),
       (3, CURRENT_TIMESTAMP, CURRENT_TIMESTAMP, NULL),
       (3, CURRENT_TIMESTAMP, CURRENT_TIMESTAMP, NULL),
       (3, CURRENT_TIMESTAMP, CURRENT_TIMESTAMP, NULL),
       (3, CURRENT_TIMESTAMP, CURRENT_TIMESTAMP, NULL),
       (3, CURRENT_TIMESTAMP, CURRENT_TIMESTAMP, NULL);

-- 41 Submissions
INSERT INTO submissions (video_id,
                         problem_id,
                         status,
                         reject_reason,
                         appeal_status,
                         created_at,
                         updated_at,
                         deleted_at)
VALUES
    -- 39 ACCEPTED
    (1, 4, 'ACCEPTED', NULL, 'PENDING', '2025-01-10 08:15:00', '2025-01-10 08:15:00', NULL),
    (2, 16, 'ACCEPTED', NULL, 'PENDING', '2025-01-15 14:30:00', '2025-01-15 14:30:00', NULL),
    (3, 1, 'ACCEPTED', NULL, 'PENDING', '2025-02-05 11:00:00', '2025-02-05 11:00:00', NULL),
    (4, 4, 'ACCEPTED', NULL, 'PENDING', '2025-02-20 16:45:00', '2025-02-20 16:45:00', NULL),
    (5, 5, 'ACCEPTED', NULL, 'PENDING', '2025-03-01 09:20:00', '2025-03-01 09:20:00', NULL),
    (6, 14, 'ACCEPTED', NULL, 'PENDING', '2025-03-18 13:55:00', '2025-03-18 13:55:00', NULL),
    (7, 11, 'REJECTED', 'WRONG PROBLEM', 'PENDING', '2025-04-10 10:10:00', '2025-04-10 10:10:00',
     NULL),
    (8, 5, 'ACCEPTED', NULL, 'PENDING', '2025-04-25 17:05:00', '2025-04-25 17:05:00', NULL),
    (9, 6, 'ACCEPTED', NULL, 'PENDING', '2025-05-07 12:00:00', '2025-05-07 12:00:00', NULL),
    (10, 15, 'ACCEPTED', NULL, 'PENDING', '2025-05-22 15:30:00', '2025-05-22 15:30:00', NULL),
    (11, 8, 'ACCEPTED', NULL, 'PENDING', '2025-06-02 09:45:00', '2025-06-02 09:45:00', NULL),
    (12, 11, 'ACCEPTED', NULL, 'PENDING', '2025-06-18 14:15:00', '2025-06-18 14:15:00', NULL),
    (13, 6, 'ACCEPTED', NULL, 'PENDING', '2025-07-03 11:25:00', '2025-07-03 11:25:00', NULL),
    (14, 11, 'PENDING', NULL, 'PENDING', '2025-07-19 16:00:00', '2025-07-19 16:00:00', NULL),
    (15, 12, 'ACCEPTED', NULL, 'PENDING', '2025-08-05 08:00:00', '2025-08-05 08:00:00', NULL),
    (16, 15, 'ACCEPTED', NULL, 'PENDING', '2025-08-20 13:35:00', '2025-08-20 13:35:00', NULL),
    (17, 3, 'ACCEPTED', NULL, 'PENDING', '2025-09-11 21:12:41', '2025-09-11 21:12:41', NULL),
    (18, 5, 'ACCEPTED', NULL, 'PENDING', '2025-11-22 07:07:27', '2025-11-22 07:07:27', NULL),
    (19, 6, 'ACCEPTED', NULL, 'PENDING', '2025-09-17 18:49:06', '2025-09-17 18:49:06', NULL),
    (20, 15, 'PENDING', NULL, 'PENDING', '2025-11-10 18:47:02', '2025-11-10 18:47:02', NULL),
    (21, 8, 'ACCEPTED', NULL, 'PENDING', '2025-09-16 03:43:59', '2025-09-16 03:43:59', NULL),
    (22, 16, 'ACCEPTED', NULL, 'PENDING', '2025-06-18 21:18:02', '2025-06-18 21:18:02', NULL),
    (23, 6, 'PENDING', NULL, 'PENDING', '2025-04-03 13:20:13', '2025-04-03 13:20:13', NULL),
    (24, 11, 'ACCEPTED', NULL, 'PENDING', '2025-12-04 05:59:17', '2025-12-04 05:59:17', NULL),
    (25, 12, 'ACCEPTED', NULL, 'PENDING', '2025-10-22 16:59:53', '2025-10-22 16:59:53', NULL),
    (26, 1, 'ACCEPTED', NULL, 'PENDING', '2025-09-19 03:22:40', '2025-09-19 03:22:40', NULL),
    (27, 16, 'ACCEPTED', NULL, 'PENDING', '2025-10-16 19:49:34', '2025-10-16 19:49:34', NULL),
    (28, 15, 'ACCEPTED', NULL, 'PENDING', '2025-03-29 04:46:03', '2025-03-29 04:46:03', NULL),
    (29, 1, 'ACCEPTED', NULL, 'PENDING', '2025-11-26 21:28:35', '2025-11-26 21:28:35', NULL),
    (30, 7, 'ACCEPTED', NULL, 'PENDING', '2025-05-21 23:52:36', '2025-05-21 23:52:36', NULL),
    (31, 1, 'ACCEPTED', NULL, 'PENDING', '2025-07-31 08:26:29', '2025-07-31 08:26:29', NULL),
    (32, 5, 'ACCEPTED', NULL, 'PENDING', '2025-07-25 10:40:59', '2025-07-25 10:40:59', NULL),
    (33, 7, 'ACCEPTED', NULL, 'PENDING', '2025-12-06 15:46:22', '2025-12-06 15:46:22', NULL),
    (34, 9, 'ACCEPTED', NULL, 'PENDING', '2025-06-23 13:20:03', '2025-06-23 13:20:03', NULL),
    (35, 15, 'ACCEPTED', NULL, 'PENDING', '2025-03-23 06:53:59', '2025-03-23 06:53:59', NULL),
    (36, 14, 'ACCEPTED', NULL, 'PENDING', '2025-08-12 19:05:15', '2025-08-12 19:05:15', NULL),
    (37, 9, 'ACCEPTED', NULL, 'PENDING', '2025-10-30 16:39:36', '2025-10-30 16:39:36', NULL),
    (38, 9, 'ACCEPTED', NULL, 'PENDING', '2025-04-14 06:14:07', '2025-04-14 06:14:07', NULL),
    (39, 14, 'ACCEPTED', NULL, 'PENDING', '2025-02-02 09:40:15', '2025-02-02 09:40:15', NULL),
    (40, 9, 'ACCEPTED', NULL, 'PENDING', '2025-11-28 03:50:29', '2025-11-28 03:50:29', NULL),
    (41, 16, 'ACCEPTED', NULL, 'PENDING', '2025-10-16 19:49:34', '2025-10-16 19:49:34', NULL);

INSERT INTO user_ranking_histories (user_id,
                                    part,
                                    value,
                                    created_at,
                                    updated_at,
                                    deleted_at)
VALUES (1, 'RATING', 2500, CURRENT_TIMESTAMP, CURRENT_TIMESTAMP, NULL),
       (2, 'RATING', 1, '2025-01-01 00:00:00', '2025-01-01 00:00:00', NULL),
       (2, 'RATING', 1947, '2025-01-08 00:00:00', '2025-01-08 00:00:00', NULL),
       (2, 'RATING', 3432, '2025-01-15 00:00:00', '2025-01-15 00:00:00', NULL),
       (2, 'RATING', 4167, '2025-01-22 00:00:00', '2025-01-22 00:00:00', NULL),
       (2, 'RATING', 4648, '2025-01-29 00:00:00', '2025-01-29 00:00:00', NULL),
       (2, 'RATING', 5425, '2025-02-05 00:00:00', '2025-02-05 00:00:00', NULL),
       (2, 'RATING', 5843, '2025-02-12 00:00:00', '2025-02-12 00:00:00', NULL),
       (2, 'RATING', 6011, '2025-02-19 00:00:00', '2025-02-19 00:00:00', NULL),
       (2, 'RATING', 6496, '2025-02-26 00:00:00', '2025-02-26 00:00:00', NULL),
       (2, 'RATING', 6899, '2025-03-05 00:00:00', '2025-03-05 00:00:00', NULL),
       (2, 'RATING', 6915, '2025-03-12 00:00:00', '2025-03-12 00:00:00', NULL),
       (2, 'RATING', 7266, '2025-03-19 00:00:00', '2025-03-19 00:00:00', NULL),
       (2, 'RATING', 7689, '2025-03-26 00:00:00', '2025-03-26 00:00:00', NULL),
       (2, 'RATING', 7722, '2025-04-02 00:00:00', '2025-04-02 00:00:00', NULL),
       (2, 'RATING', 7983, '2025-04-09 00:00:00', '2025-04-09 00:00:00', NULL),
       (2, 'RATING', 8218, '2025-04-16 00:00:00', '2025-04-16 00:00:00', NULL),
       (2, 'RATING', 8371, '2025-04-23 00:00:00', '2025-04-23 00:00:00', NULL),
       (2, 'RATING', 8691, '2025-04-30 00:00:00', '2025-04-30 00:00:00', NULL),
       (2, 'RATING', 8686, '2025-05-07 00:00:00', '2025-05-07 00:00:00', NULL),
       (2, 'RATING', 8966, '2025-05-14 00:00:00', '2025-05-14 00:00:00', NULL),
       (2, 'RATING', 8838, '2025-05-21 00:00:00', '2025-05-21 00:00:00', NULL),
       (2, 'RATING', 9094, '2025-05-28 00:00:00', '2025-05-28 00:00:00', NULL),
       (2, 'RATING', 9213, '2025-06-04 00:00:00', '2025-06-04 00:00:00', NULL),
       (2, 'RATING', 9328, '2025-06-11 00:00:00', '2025-06-11 00:00:00', NULL),
       (2, 'RATING', 9482, '2025-06-18 00:00:00', '2025-06-18 00:00:00', NULL),
       (2, 'RATING', 9679, '2025-06-25 00:00:00', '2025-06-25 00:00:00', NULL),
       (2, 'RATING', 9687, '2025-07-02 00:00:00', '2025-07-02 00:00:00', NULL),
       (2, 'RATING', 9809, '2025-07-09 00:00:00', '2025-07-09 00:00:00', NULL),
       (2, 'RATING', 9971, '2025-07-16 00:00:00', '2025-07-16 00:00:00', NULL),
       (2, 'RATING', 10000, '2025-07-23 00:00:00', '2025-07-23 00:00:00', NULL),
       (3, 'RATING', 1, '2025-01-01 00:00:00', '2025-01-01 00:00:00', NULL),
       (3, 'RATING', 2052, '2025-01-08 00:00:00', '2025-01-08 00:00:00', NULL),
       (3, 'RATING', 3412, '2025-01-15 00:00:00', '2025-01-15 00:00:00', NULL),
       (3, 'RATING', 4282, '2025-01-22 00:00:00', '2025-01-22 00:00:00', NULL),
       (3, 'RATING', 4760, '2025-01-29 00:00:00', '2025-01-29 00:00:00', NULL),
       (3, 'RATING', 5226, '2025-02-05 00:00:00', '2025-02-05 00:00:00', NULL),
       (3, 'RATING', 5716, '2025-02-12 00:00:00', '2025-02-12 00:00:00', NULL),
       (3, 'RATING', 6298, '2025-02-19 00:00:00', '2025-02-19 00:00:00', NULL),
       (3, 'RATING', 6300, '2025-02-26 00:00:00', '2025-02-26 00:00:00', NULL),
       (3, 'RATING', 7026, '2025-03-05 00:00:00', '2025-03-05 00:00:00', NULL),
       (3, 'RATING', 7163, '2025-03-12 00:00:00', '2025-03-12 00:00:00', NULL),
       (3, 'RATING', 7355, '2025-03-19 00:00:00', '2025-03-19 00:00:00', NULL),
       (3, 'RATING', 7656, '2025-03-26 00:00:00', '2025-03-26 00:00:00', NULL),
       (3, 'RATING', 7676, '2025-04-02 00:00:00', '2025-04-02 00:00:00', NULL),
       (3, 'RATING', 7839, '2025-04-09 00:00:00', '2025-04-09 00:00:00', NULL),
       (3, 'RATING', 8236, '2025-04-16 00:00:00', '2025-04-16 00:00:00', NULL),
       (3, 'RATING', 8271, '2025-04-23 00:00:00', '2025-04-23 00:00:00', NULL),
       (3, 'RATING', 8477, '2025-04-30 00:00:00', '2025-04-30 00:00:00', NULL),
       (3, 'RATING', 8768, '2025-05-07 00:00:00', '2025-05-07 00:00:00', NULL),
       (3, 'RATING', 8822, '2025-05-14 00:00:00', '2025-05-14 00:00:00', NULL),
       (3, 'RATING', 8781, '2025-05-21 00:00:00', '2025-05-21 00:00:00', NULL),
       (3, 'RATING', 9007, '2025-05-28 00:00:00', '2025-05-28 00:00:00', NULL),
       (3, 'RATING', 9151, '2025-06-04 00:00:00', '2025-06-04 00:00:00', NULL),
       (3, 'RATING', 9785, '2025-06-11 00:00:00', '2025-06-11 00:00:00', NULL),
       (3, 'RATING', 9613, '2025-06-18 00:00:00', '2025-06-18 00:00:00', NULL),
       (3, 'RATING', 9465, '2025-06-25 00:00:00', '2025-06-25 00:00:00', NULL),
       (3, 'RATING', 9526, '2025-07-02 00:00:00', '2025-07-02 00:00:00', NULL),
       (3, 'RATING', 9876, '2025-07-09 00:00:00', '2025-07-09 00:00:00', NULL),
       (3, 'RATING', 9865, '2025-07-16 00:00:00', '2025-07-16 00:00:00', NULL),
       (3, 'RATING', 10000, '2025-07-23 00:00:00', '2025-07-23 00:00:00', NULL),
       (2, 'SOLVED_COUNT', 5, '2025-01-01 00:00:00', '2025-01-01 00:00:00', NULL),
       (2, 'SOLVED_COUNT', 43, '2025-01-08 00:00:00', '2025-01-08 00:00:00', NULL),
       (2, 'SOLVED_COUNT', 66, '2025-01-15 00:00:00', '2025-01-15 00:00:00', NULL),
       (2, 'SOLVED_COUNT', 82, '2025-01-22 00:00:00', '2025-01-22 00:00:00', NULL),
       (2, 'SOLVED_COUNT', 95, '2025-01-29 00:00:00', '2025-01-29 00:00:00', NULL),
       (2, 'SOLVED_COUNT', 110, '2025-02-05 00:00:00', '2025-02-05 00:00:00', NULL),
       (2, 'SOLVED_COUNT', 121, '2025-02-12 00:00:00', '2025-02-12 00:00:00', NULL),
       (2, 'SOLVED_COUNT', 123, '2025-02-19 00:00:00', '2025-02-19 00:00:00', NULL),
       (2, 'SOLVED_COUNT', 129, '2025-02-26 00:00:00', '2025-02-26 00:00:00', NULL),
       (2, 'SOLVED_COUNT', 134, '2025-03-05 00:00:00', '2025-03-05 00:00:00', NULL),
       (2, 'SOLVED_COUNT', 142, '2025-03-12 00:00:00', '2025-03-12 00:00:00', NULL),
       (2, 'SOLVED_COUNT', 146, '2025-03-19 00:00:00', '2025-03-19 00:00:00', NULL),
       (2, 'SOLVED_COUNT', 150, '2025-03-26 00:00:00', '2025-03-26 00:00:00', NULL),
       (2, 'SOLVED_COUNT', 155, '2025-04-02 00:00:00', '2025-04-02 00:00:00', NULL),
       (2, 'SOLVED_COUNT', 159, '2025-04-09 00:00:00', '2025-04-09 00:00:00', NULL),
       (2, 'SOLVED_COUNT', 163, '2025-04-16 00:00:00', '2025-04-16 00:00:00', NULL),
       (2, 'SOLVED_COUNT', 167, '2025-04-23 00:00:00', '2025-04-23 00:00:00', NULL),
       (2, 'SOLVED_COUNT', 174, '2025-04-30 00:00:00', '2025-04-30 00:00:00', NULL),
       (2, 'SOLVED_COUNT', 177, '2025-05-07 00:00:00', '2025-05-07 00:00:00', NULL),
       (2, 'SOLVED_COUNT', 177, '2025-05-14 00:00:00', '2025-05-14 00:00:00', NULL),
       (2, 'SOLVED_COUNT', 177, '2025-05-21 00:00:00', '2025-05-21 00:00:00', NULL),
       (2, 'SOLVED_COUNT', 184, '2025-05-28 00:00:00', '2025-05-28 00:00:00', NULL),
       (2, 'SOLVED_COUNT', 182, '2025-06-04 00:00:00', '2025-06-04 00:00:00', NULL),
       (2, 'SOLVED_COUNT', 188, '2025-06-11 00:00:00', '2025-06-11 00:00:00', NULL),
       (2, 'SOLVED_COUNT', 196, '2025-06-18 00:00:00', '2025-06-18 00:00:00', NULL),
       (2, 'SOLVED_COUNT', 193, '2025-06-25 00:00:00', '2025-06-25 00:00:00', NULL),
       (2, 'SOLVED_COUNT', 194, '2025-07-02 00:00:00', '2025-07-02 00:00:00', NULL),
       (2, 'SOLVED_COUNT', 198, '2025-07-09 00:00:00', '2025-07-09 00:00:00', NULL),
       (2, 'SOLVED_COUNT', 197, '2025-07-16 00:00:00', '2025-07-16 00:00:00', NULL),
       (2, 'SOLVED_COUNT', 199, '2025-07-23 00:00:00', '2025-07-23 00:00:00', NULL),
       (3, 'SOLVED_COUNT', 1, '2025-01-01 00:00:00', '2025-01-01 00:00:00', NULL),
       (3, 'SOLVED_COUNT', 42, '2025-01-08 00:00:00', '2025-01-08 00:00:00', NULL),
       (3, 'SOLVED_COUNT', 65, '2025-01-15 00:00:00', '2025-01-15 00:00:00', NULL),
       (3, 'SOLVED_COUNT', 81, '2025-01-22 00:00:00', '2025-01-22 00:00:00', NULL),
       (3, 'SOLVED_COUNT', 96, '2025-01-29 00:00:00', '2025-01-29 00:00:00', NULL),
       (3, 'SOLVED_COUNT', 104, '2025-02-05 00:00:00', '2025-02-05 00:00:00', NULL),
       (3, 'SOLVED_COUNT', 116, '2025-02-12 00:00:00', '2025-02-12 00:00:00', NULL),
       (3, 'SOLVED_COUNT', 124, '2025-02-19 00:00:00', '2025-02-19 00:00:00', NULL),
       (3, 'SOLVED_COUNT', 129, '2025-02-26 00:00:00', '2025-02-26 00:00:00', NULL),
       (3, 'SOLVED_COUNT', 136, '2025-03-05 00:00:00', '2025-03-05 00:00:00', NULL),
       (3, 'SOLVED_COUNT', 140, '2025-03-12 00:00:00', '2025-03-12 00:00:00', NULL),
       (3, 'SOLVED_COUNT', 146, '2025-03-19 00:00:00', '2025-03-19 00:00:00', NULL),
       (3, 'SOLVED_COUNT', 150, '2025-03-26 00:00:00', '2025-03-26 00:00:00', NULL),
       (3, 'SOLVED_COUNT', 158, '2025-04-02 00:00:00', '2025-04-02 00:00:00', NULL),
       (3, 'SOLVED_COUNT', 161, '2025-04-09 00:00:00', '2025-04-09 00:00:00', NULL),
       (3, 'SOLVED_COUNT', 164, '2025-04-16 00:00:00', '2025-04-16 00:00:00', NULL),
       (3, 'SOLVED_COUNT', 168, '2025-04-23 00:00:00', '2025-04-23 00:00:00', NULL),
       (3, 'SOLVED_COUNT', 173, '2025-04-30 00:00:00', '2025-04-30 00:00:00', NULL),
       (3, 'SOLVED_COUNT', 173, '2025-05-07 00:00:00', '2025-05-07 00:00:00', NULL),
       (3, 'SOLVED_COUNT', 177, '2025-05-14 00:00:00', '2025-05-14 00:00:00', NULL),
       (3, 'SOLVED_COUNT', 177, '2025-05-21 00:00:00', '2025-05-21 00:00:00', NULL),
       (3, 'SOLVED_COUNT', 183, '2025-05-28 00:00:00', '2025-05-28 00:00:00', NULL),
       (3, 'SOLVED_COUNT', 184, '2025-06-04 00:00:00', '2025-06-04 00:00:00', NULL),
       (3, 'SOLVED_COUNT', 187, '2025-06-11 00:00:00', '2025-06-11 00:00:00', NULL),
       (3, 'SOLVED_COUNT', 189, '2025-06-18 00:00:00', '2025-06-18 00:00:00', NULL),
       (3, 'SOLVED_COUNT', 186, '2025-06-25 00:00:00', '2025-06-25 00:00:00', NULL),
       (3, 'SOLVED_COUNT', 196, '2025-07-02 00:00:00', '2025-07-02 00:00:00', NULL),
       (3, 'SOLVED_COUNT', 195, '2025-07-09 00:00:00', '2025-07-09 00:00:00', NULL),
       (3, 'SOLVED_COUNT', 194, '2025-07-16 00:00:00', '2025-07-16 00:00:00', NULL),
       (3, 'SOLVED_COUNT', 200, '2025-07-23 00:00:00', '2025-07-23 00:00:00', NULL),
       (2, 'RANKING', 209, '2025-01-01 00:00:00', '2025-01-01 00:00:00', NULL),
       (2, 'RANKING', 178, '2025-01-08 00:00:00', '2025-01-08 00:00:00', NULL),
       (2, 'RANKING', 143, '2025-01-15 00:00:00', '2025-01-15 00:00:00', NULL),
       (2, 'RANKING', 153, '2025-01-22 00:00:00', '2025-01-22 00:00:00', NULL),
       (2, 'RANKING', 53, '2025-01-29 00:00:00', '2025-01-29 00:00:00', NULL),
       (2, 'RANKING', 71, '2025-02-05 00:00:00', '2025-02-05 00:00:00', NULL),
       (2, 'RANKING', 95, '2025-02-12 00:00:00', '2025-02-12 00:00:00', NULL),
       (2, 'RANKING', 51, '2025-02-19 00:00:00', '2025-02-19 00:00:00', NULL),
       (2, 'RANKING', 73, '2025-02-26 00:00:00', '2025-02-26 00:00:00', NULL),
       (2, 'RANKING', 76, '2025-03-05 00:00:00', '2025-03-05 00:00:00', NULL),
       (2, 'RANKING', 48, '2025-03-12 00:00:00', '2025-03-12 00:00:00', NULL),
       (2, 'RANKING', 80, '2025-03-19 00:00:00', '2025-03-19 00:00:00', NULL),
       (2, 'RANKING', 59, '2025-03-26 00:00:00', '2025-03-26 00:00:00', NULL),
       (2, 'RANKING', 58, '2025-04-02 00:00:00', '2025-04-02 00:00:00', NULL),
       (2, 'RANKING', 67, '2025-04-09 00:00:00', '2025-04-09 00:00:00', NULL),
       (2, 'RANKING', 30, '2025-04-16 00:00:00', '2025-04-16 00:00:00', NULL),
       (2, 'RANKING', 28, '2025-04-23 00:00:00', '2025-04-23 00:00:00', NULL),
       (2, 'RANKING', 9, '2025-04-30 00:00:00', '2025-04-30 00:00:00', NULL),
       (2, 'RANKING', 45, '2025-05-07 00:00:00', '2025-05-07 00:00:00', NULL),
       (2, 'RANKING', 30, '2025-05-14 00:00:00', '2025-05-14 00:00:00', NULL),
       (2, 'RANKING', 39, '2025-05-21 00:00:00', '2025-05-21 00:00:00', NULL),
       (2, 'RANKING', 33, '2025-05-28 00:00:00', '2025-05-28 00:00:00', NULL),
       (2, 'RANKING', 1, '2025-06-04 00:00:00', '2025-06-04 00:00:00', NULL),
       (2, 'RANKING', 1, '2025-06-11 00:00:00', '2025-06-11 00:00:00', NULL),
       (2, 'RANKING', 8, '2025-06-18 00:00:00', '2025-06-18 00:00:00', NULL),
       (2, 'RANKING', 22, '2025-06-25 00:00:00', '2025-06-25 00:00:00', NULL),
       (2, 'RANKING', 1, '2025-07-02 00:00:00', '2025-07-02 00:00:00', NULL),
       (2, 'RANKING', 1, '2025-07-09 00:00:00', '2025-07-09 00:00:00', NULL),
       (2, 'RANKING', 22, '2025-07-16 00:00:00', '2025-07-16 00:00:00', NULL),
       (2, 'RANKING', 1, '2025-07-23 00:00:00', '2025-07-23 00:00:00', NULL),
       (3, 'RANKING', 110, '2025-01-01 00:00:00', '2025-01-01 00:00:00', NULL),
       (3, 'RANKING', 69, '2025-01-08 00:00:00', '2025-01-08 00:00:00', NULL),
       (3, 'RANKING', 46, '2025-01-15 00:00:00', '2025-01-15 00:00:00', NULL),
       (3, 'RANKING', 52, '2025-01-22 00:00:00', '2025-01-22 00:00:00', NULL),
       (3, 'RANKING', 41, '2025-01-29 00:00:00', '2025-01-29 00:00:00', NULL),
       (3, 'RANKING', 77, '2025-02-05 00:00:00', '2025-02-05 00:00:00', NULL),
       (3, 'RANKING', 40, '2025-02-12 00:00:00', '2025-02-12 00:00:00', NULL),
       (3, 'RANKING', 15, '2025-02-19 00:00:00', '2025-02-19 00:00:00', NULL),
       (3, 'RANKING', 38, '2025-02-26 00:00:00', '2025-02-26 00:00:00', NULL),
       (3, 'RANKING', 24, '2025-03-05 00:00:00', '2025-03-05 00:00:00', NULL),
       (3, 'RANKING', 27, '2025-03-12 00:00:00', '2025-03-12 00:00:00', NULL),
       (3, 'RANKING', 53, '2025-03-19 00:00:00', '2025-03-19 00:00:00', NULL),
       (3, 'RANKING', 15, '2025-03-26 00:00:00', '2025-03-26 00:00:00', NULL),
       (3, 'RANKING', 24, '2025-04-02 00:00:00', '2025-04-02 00:00:00', NULL),
       (3, 'RANKING', 30, '2025-04-09 00:00:00', '2025-04-09 00:00:00', NULL),
       (3, 'RANKING', 24, '2025-04-16 00:00:00', '2025-04-16 00:00:00', NULL),
       (3, 'RANKING', 46, '2025-04-23 00:00:00', '2025-04-23 00:00:00', NULL),
       (3, 'RANKING', 37, '2025-04-30 00:00:00', '2025-04-30 00:00:00', NULL),
       (3, 'RANKING', 1, '2025-05-07 00:00:00', '2025-05-07 00:00:00', NULL),
       (3, 'RANKING', 6, '2025-05-14 00:00:00', '2025-05-14 00:00:00', NULL),
       (3, 'RANKING', 2, '2025-05-21 00:00:00', '2025-05-21 00:00:00', NULL),
       (3, 'RANKING', 36, '2025-05-28 00:00:00', '2025-05-28 00:00:00', NULL),
       (3, 'RANKING', 5, '2025-06-04 00:00:00', '2025-06-04 00:00:00', NULL),
       (3, 'RANKING', 32, '2025-06-11 00:00:00', '2025-06-11 00:00:00', NULL),
       (3, 'RANKING', 1, '2025-06-18 00:00:00', '2025-06-18 00:00:00', NULL),
       (3, 'RANKING', 23, '2025-06-25 00:00:00', '2025-06-25 00:00:00', NULL),
       (3, 'RANKING', 5, '2025-07-02 00:00:00', '2025-07-02 00:00:00', NULL),
       (3, 'RANKING', 1, '2025-07-09 00:00:00', '2025-07-09 00:00:00', NULL),
       (3, 'RANKING', 35, '2025-07-16 00:00:00', '2025-07-16 00:00:00', NULL),
       (3, 'RANKING', 16, '2025-07-23 00:00:00', '2025-07-23 00:00:00', NULL);

COMMIT;