-- ========================================
-- 기존 사용자 및 관련 데이터
-- ========================================

INSERT INTO user_accounts (role,
                           nickname,
                           status_message,
                           profile_image_cdn_url,
                           last_login_date,
                           created_at,
                           updated_at,
                           deleted_at)
VALUES ('ADMIN', 'admin', '관리자 계정', NULL, CURRENT_DATE, CURRENT_TIMESTAMP, CURRENT_TIMESTAMP, NULL),
       ('USER', 'alice', '안녕하세요, Alice입니다!', '/images/alice.png', CURRENT_DATE, CURRENT_TIMESTAMP,
        CURRENT_TIMESTAMP, NULL),
       ('USER', 'bob', 'Bob the builder', NULL, CURRENT_DATE, CURRENT_TIMESTAMP, CURRENT_TIMESTAMP,
        NULL);

INSERT INTO user_stats (user_id,
                        rating,
                        current_streak,
                        longest_streak,
                        solved_count,
                        submission_count,
                        contribution_count,
                        rival_count,
                        created_at,
                        updated_at,
                        deleted_at)
VALUES (1, 2500, 10, 15, 200, 5, 2, 3, CURRENT_TIMESTAMP, CURRENT_TIMESTAMP, NULL),
       (2, 1500, 3, 8, 75, 2, 10, 43, CURRENT_TIMESTAMP, CURRENT_TIMESTAMP, NULL),
       (3, 1200, 0, 0, 10, 0, 1, 54, CURRENT_TIMESTAMP, CURRENT_TIMESTAMP, NULL);


-- RATING 테스트용 더미 데이터
INSERT INTO user_accounts (role, nickname, status_message, profile_image_cdn_url, last_login_date,
                           created_at, updated_at)
VALUES ('USER', 'charlie', 'Climbing high!', '/images/charlie.png', CURRENT_DATE, CURRENT_TIMESTAMP,
        CURRENT_TIMESTAMP),
       ('USER', 'david', 'Just another climb.', NULL, CURRENT_DATE, CURRENT_TIMESTAMP,
        CURRENT_TIMESTAMP),
       ('USER', 'eve', 'On the rocks.', '/images/eve.png', CURRENT_DATE, CURRENT_TIMESTAMP,
        CURRENT_TIMESTAMP),
       ('USER', 'frank', 'To the summit!', NULL, CURRENT_DATE, CURRENT_TIMESTAMP,
        CURRENT_TIMESTAMP),
       ('USER', 'grace', 'Chalking up.', '/images/grace.png', CURRENT_DATE, CURRENT_TIMESTAMP,
        CURRENT_TIMESTAMP),
       ('USER', 'heidi', 'Love the crux.', NULL, CURRENT_DATE, CURRENT_TIMESTAMP,
        CURRENT_TIMESTAMP),
       ('USER', 'ivan', 'Bouldering beast.', '/images/ivan.png', CURRENT_DATE, CURRENT_TIMESTAMP,
        CURRENT_TIMESTAMP),
       ('USER', 'judy', 'Veni, vidi, vici.', NULL, CURRENT_DATE, CURRENT_TIMESTAMP,
        CURRENT_TIMESTAMP),
       ('USER', 'mallory', 'Because it''s there.', '/images/mallory.png', CURRENT_DATE,
        CURRENT_TIMESTAMP, CURRENT_TIMESTAMP),
       ('USER', 'oscar', 'Seeking new heights.', NULL, CURRENT_DATE, CURRENT_TIMESTAMP,
        CURRENT_TIMESTAMP),
       ('USER', 'peggy', 'Beta tester.', '/images/peggy.png', CURRENT_DATE, CURRENT_TIMESTAMP,
        CURRENT_TIMESTAMP),
       ('USER', 'rupert', 'Gravity is a myth.', NULL, CURRENT_DATE, CURRENT_TIMESTAMP,
        CURRENT_TIMESTAMP),
       ('USER', 'sybil', 'Dyno-mite!', '/images/sybil.png', CURRENT_DATE, CURRENT_TIMESTAMP,
        CURRENT_TIMESTAMP),
       ('USER', 'trent', 'Always sending.', NULL, CURRENT_DATE, CURRENT_TIMESTAMP,
        CURRENT_TIMESTAMP),
       ('USER', 'victor', 'Victory awaits.', '/images/victor.png', CURRENT_DATE, CURRENT_TIMESTAMP,
        CURRENT_TIMESTAMP),
       ('USER', 'wendy', 'Going vertical.', NULL, CURRENT_DATE, CURRENT_TIMESTAMP,
        CURRENT_TIMESTAMP),
       ('USER', 'xavier', 'X marks the spot.', '/images/xavier.png', CURRENT_DATE,
        CURRENT_TIMESTAMP, CURRENT_TIMESTAMP),
       ('USER', 'yara', 'Rock warrior.', NULL, CURRENT_DATE, CURRENT_TIMESTAMP, CURRENT_TIMESTAMP),
       ('USER', 'zane', 'Zen and the art of climbing.', '/images/zane.png', CURRENT_DATE,
        CURRENT_TIMESTAMP, CURRENT_TIMESTAMP),
       ('USER', 'aaron', 'Top out or die trying.', NULL, CURRENT_DATE, CURRENT_TIMESTAMP,
        CURRENT_TIMESTAMP),
       ('USER', 'ben', 'Belay on.', '/images/ben.png', CURRENT_DATE, CURRENT_TIMESTAMP,
        CURRENT_TIMESTAMP),
       ('USER', 'casey', 'Crushing it.', NULL, CURRENT_DATE, CURRENT_TIMESTAMP, CURRENT_TIMESTAMP),
       ('USER', 'diana', 'Goddess of the hunt.', '/images/diana.png', CURRENT_DATE,
        CURRENT_TIMESTAMP, CURRENT_TIMESTAMP),
       ('USER', 'ethan', 'Mission: Climbable.', NULL, CURRENT_DATE, CURRENT_TIMESTAMP,
        CURRENT_TIMESTAMP),
       ('USER', 'fiona', 'Finding my beta.', '/images/fiona.png', CURRENT_DATE, CURRENT_TIMESTAMP,
        CURRENT_TIMESTAMP),
       ('USER', 'gavin', 'Grip strength is key.', NULL, CURRENT_DATE, CURRENT_TIMESTAMP,
        CURRENT_TIMESTAMP),
       ('USER', 'hannah', 'Hello from the top.', '/images/hannah.png', CURRENT_DATE,
        CURRENT_TIMESTAMP, CURRENT_TIMESTAMP),
       ('USER', 'ian', 'Into the wild.', NULL, CURRENT_DATE, CURRENT_TIMESTAMP, CURRENT_TIMESTAMP),
       ('USER', 'jessica', 'Just hold on.', '/images/jessica.png', CURRENT_DATE, CURRENT_TIMESTAMP,
        CURRENT_TIMESTAMP),
       ('USER', 'kyle', 'King of the slab.', NULL, CURRENT_DATE, CURRENT_TIMESTAMP,
        CURRENT_TIMESTAMP);

INSERT INTO user_stats (user_id, rating, current_streak, longest_streak, solved_count,
                        submission_count, contribution_count,
                        rival_count, created_at, updated_at)
VALUES (4, 2800, 25, 30, 250, 8, 2, 10, CURRENT_TIMESTAMP, CURRENT_TIMESTAMP),
       (5, 1800, 5, 10, 120, 3, 8, 2, CURRENT_TIMESTAMP, CURRENT_TIMESTAMP),
       (6, 2100, 12, 12, 150, 5, 1, 2, CURRENT_TIMESTAMP, CURRENT_TIMESTAMP),
       (7, 950, 0, 3, 30, 1, 1, 2, CURRENT_TIMESTAMP, CURRENT_TIMESTAMP),
       (8, 2300, 15, 20, 180, 6, 1, 1, CURRENT_TIMESTAMP, CURRENT_TIMESTAMP),
       (9, 1600, 8, 15, 90, 4, 9, 3, CURRENT_TIMESTAMP, CURRENT_TIMESTAMP),
       (10, 3000, 50, 50, 400, 10, 10, 10, CURRENT_TIMESTAMP, CURRENT_TIMESTAMP),
       (11, 1450, 2, 9, 65, 2, 9, 2, CURRENT_TIMESTAMP, CURRENT_TIMESTAMP),
       (12, 1900, 7, 18, 130, 5, 12, 2, CURRENT_TIMESTAMP, CURRENT_TIMESTAMP),
       (13, 1100, 1, 5, 45, 1, 43, 2, CURRENT_TIMESTAMP, CURRENT_TIMESTAMP),
       (14, 1750, 9, 9, 110, 3, 12, 2, CURRENT_TIMESTAMP, CURRENT_TIMESTAMP),
       (15, 800, 0, 2, 25, 0, 2, 3, CURRENT_TIMESTAMP, CURRENT_TIMESTAMP),
       (16, 2650, 22, 28, 220, 7, 4, 5, CURRENT_TIMESTAMP, CURRENT_TIMESTAMP),
       (17, 1300, 4, 11, 80, 2, 8, 5, CURRENT_TIMESTAMP, CURRENT_TIMESTAMP),
       (18, 2050, 11, 14, 140, 4, 12, 1, CURRENT_TIMESTAMP, CURRENT_TIMESTAMP),
       (19, 1050, 0, 4, 40, 1, 12, 2, CURRENT_TIMESTAMP, CURRENT_TIMESTAMP),
       (20, 2450, 18, 25, 200, 6, 9, 3, CURRENT_TIMESTAMP, CURRENT_TIMESTAMP),
       (21, 1650, 6, 13, 100, 3, 2, 4, CURRENT_TIMESTAMP, CURRENT_TIMESTAMP),
       (22, 2200, 14, 19, 170, 5, 8, 7, CURRENT_TIMESTAMP, CURRENT_TIMESTAMP),
       (23, 900, 1, 6, 35, 1, 2, 1, CURRENT_TIMESTAMP, CURRENT_TIMESTAMP),
       (24, 2900, 35, 40, 300, 9, 10, 2, CURRENT_TIMESTAMP, CURRENT_TIMESTAMP),
       (25, 1550, 3, 7, 70, 2, 3, 67, CURRENT_TIMESTAMP, CURRENT_TIMESTAMP),
       (26, 2000, 10, 10, 135, 4, 5, 5, CURRENT_TIMESTAMP, CURRENT_TIMESTAMP),
       (27, 1150, 2, 8, 55, 2, 1, 1, CURRENT_TIMESTAMP, CURRENT_TIMESTAMP),
       (28, 2750, 28, 35, 270, 8, 1, 1, CURRENT_TIMESTAMP, CURRENT_TIMESTAMP),
       (29, 1250, 0, 1, 50, 1, 1, 2, CURRENT_TIMESTAMP, CURRENT_TIMESTAMP),
       (30, 1950, 9, 22, 125, 5, 8, 4, CURRENT_TIMESTAMP, CURRENT_TIMESTAMP),
       (31, 2350, 17, 21, 190, 6, 4, 3, CURRENT_TIMESTAMP, CURRENT_TIMESTAMP),
       (32, 1400, 5, 16, 85, 3, 6, 4, CURRENT_TIMESTAMP, CURRENT_TIMESTAMP),
       (33, 2150, 13, 17, 160, 5, 2, 3, CURRENT_TIMESTAMP, CURRENT_TIMESTAMP);

-- Gyms
INSERT INTO gyms (name,
                  latitude,
                  longitude,
                  address,
                  phone_number,
                  map_2d_url,
                  created_at,
                  updated_at)
VALUES ('더클라임 클라이밍 B 홍대점', 37.5546882, 126.9202997, '서울 마포구 양화로 125 경남관광빌딩', '02-332-5014',
        'http://fake-url', CURRENT_TIMESTAMP, CURRENT_TIMESTAMP),
       ('더클라임 클라이밍 일산점', 37.6507188, 126.7788853, '경기 고양시 일산동구 중앙로 1160 5층 더클라임', '031-905-5014',
        'http://fake-url', CURRENT_TIMESTAMP, CURRENT_TIMESTAMP),
       ('더클라임 클라이밍 마곡점', 37.5606786, 126.8337683, '서울 강서구 마곡동로 62 마곡사이언스타워 7층', '02-2668-5014',
        'http://fake-url', CURRENT_TIMESTAMP, CURRENT_TIMESTAMP),
       ('더클라임 클라이밍 양재점', 37.4851386, 127.0358583, '서울 강남구 남부순환로 2615 지하1층', '02-576-8821',
        'http://fake-url', CURRENT_TIMESTAMP, CURRENT_TIMESTAMP),
       ('더클라임 클라이밍 신림점', 37.4821999, 126.928909, '서울 관악구 신원로 35 삼모더프라임타워 5층', '02-877-8821',
        'http://fake-url', CURRENT_TIMESTAMP, CURRENT_TIMESTAMP),
       ('더클라임 클라이밍 연남점', 37.5576629, 126.9257955, '서울 마포구 양화로 186 3층', '02-2088-5071',
        'http://fake-url', CURRENT_TIMESTAMP, CURRENT_TIMESTAMP),
       ('더클라임 클라이밍 강남점', 37.4975157, 127.0319786, '서울 강남구 테헤란로8길 21 화인강남빌딩 B1층', '02-566-8821',
        'http://fake-url', CURRENT_TIMESTAMP, CURRENT_TIMESTAMP),
       ('더클라임 클라이밍 사당점', 37.4743761, 126.9814529, '서울 관악구 과천대로 939 지층 B201호', '02-585-8821',
        'http://fake-url', CURRENT_TIMESTAMP, CURRENT_TIMESTAMP),
       ('더클라임 클라이밍 신사점', 37.521096, 127.019134, '서울 강남구 압구정로2길 6 지하2층', '02-549-8821',
        'http://fake-url', CURRENT_TIMESTAMP, CURRENT_TIMESTAMP),
       ('더클라임 클라이밍 논현점', 37.5082918, 127.0222621, '서울 서초구 강남대로 519 지하1층', '02-545-5014',
        'http://fake-url', CURRENT_TIMESTAMP, CURRENT_TIMESTAMP),
       ('더클라임 클라이밍 문래점', 37.5206605, 126.8950132, '서울 영등포구 당산로 63 1동', '02-3667-5014',
        'http://fake-url', CURRENT_TIMESTAMP, CURRENT_TIMESTAMP),
       ('더클라임 클라이밍 이수점', 37.4818365, 126.981545, '서울 동작구 동작대로 59 지하1층', '02-588-5014',
        'http://fake-url', CURRENT_TIMESTAMP, CURRENT_TIMESTAMP),
       ('더클라임 클라이밍 성수점', 37.5463876, 127.0650498, '서울 성동구 아차산로17길 49 생각공장 데시앙플렉스 B1층',
        '02-499-5014', 'http://fake-url', CURRENT_TIMESTAMP, CURRENT_TIMESTAMP);


-- Gym Areas
INSERT INTO gym_areas (gym_area_id,
                       gym_id,
                       area_name,
                       area_image_cdn_url,
                       created_at,
                       updated_at,
                       deleted_at)
VALUES
-- 더클라임 클라이밍 B 홍대점 (gym_id: 1) - spot_id: 1, 2
(1, 1, '메인홀', 'https://example.com/gym1_area1.jpg', CURRENT_TIMESTAMP, CURRENT_TIMESTAMP, NULL),
(2, 1, '볼더링 구역', 'https://example.com/gym1_area2.jpg', CURRENT_TIMESTAMP, CURRENT_TIMESTAMP, NULL),

-- 더클라임 클라이밍 일산점 (gym_id: 2) - spot_id: 6, 7, 8, 9, 10
(6, 2, '메인홀', 'https://example.com/gym2_area1.jpg', CURRENT_TIMESTAMP, CURRENT_TIMESTAMP, NULL),
(7, 2, '볼더링 구역', 'https://example.com/gym2_area2.jpg', CURRENT_TIMESTAMP, CURRENT_TIMESTAMP, NULL),
(8, 2, '루트 구역', 'https://example.com/gym2_area3.jpg', CURRENT_TIMESTAMP, CURRENT_TIMESTAMP, NULL),
(9, 2, '초급자 구역', 'https://example.com/gym2_area4.jpg', CURRENT_TIMESTAMP, CURRENT_TIMESTAMP, NULL),
(10, 2, '고급자 구역', 'https://example.com/gym2_area5.jpg', CURRENT_TIMESTAMP, CURRENT_TIMESTAMP, NULL),

-- 더클라임 클라이밍 마곡점 (gym_id: 3) - spot_id: 11, 12, 13, 14, 15
(11, 3, '메인홀', 'https://example.com/gym3_area1.jpg', CURRENT_TIMESTAMP, CURRENT_TIMESTAMP, NULL),
(12, 3, '볼더링 구역', 'https://example.com/gym3_area2.jpg', CURRENT_TIMESTAMP, CURRENT_TIMESTAMP, NULL),
(13, 3, '루트 구역', 'https://example.com/gym3_area3.jpg', CURRENT_TIMESTAMP, CURRENT_TIMESTAMP, NULL),
(14, 3, '오버행 구역', 'https://example.com/gym3_area4.jpg', CURRENT_TIMESTAMP, CURRENT_TIMESTAMP, NULL),
(15, 3, '슬랩 구역', 'https://example.com/gym3_area5.jpg', CURRENT_TIMESTAMP, CURRENT_TIMESTAMP, NULL),

-- 더클라임 클라이밍 양재점 (gym_id: 4) - spot_id: 16, 17, 18, 19, 20
(16, 4, '메인홀', 'https://example.com/gym4_area1.jpg', CURRENT_TIMESTAMP, CURRENT_TIMESTAMP, NULL),
(17, 4, '볼더링 구역', 'https://example.com/gym4_area2.jpg', CURRENT_TIMESTAMP, CURRENT_TIMESTAMP, NULL),
(18, 4, '루트 구역', 'https://example.com/gym4_area3.jpg', CURRENT_TIMESTAMP, CURRENT_TIMESTAMP, NULL),
(19, 4, '초급자 구역', 'https://example.com/gym4_area4.jpg', CURRENT_TIMESTAMP, CURRENT_TIMESTAMP, NULL),
(20, 4, '코너 구역', 'https://example.com/gym4_area5.jpg', CURRENT_TIMESTAMP, CURRENT_TIMESTAMP, NULL),

-- 더클라임 클라이밍 신림점 (gym_id: 5) - spot_id: 21, 22, 23, 24, 25
(21, 5, '메인홀', 'https://example.com/gym5_area1.jpg', CURRENT_TIMESTAMP, CURRENT_TIMESTAMP, NULL),
(22, 5, '볼더링 구역', 'https://example.com/gym5_area2.jpg', CURRENT_TIMESTAMP, CURRENT_TIMESTAMP, NULL),
(23, 5, '루트 구역', 'https://example.com/gym5_area3.jpg', CURRENT_TIMESTAMP, CURRENT_TIMESTAMP, NULL),
(24, 5, 'A구역', 'https://example.com/gym5_area4.jpg', CURRENT_TIMESTAMP, CURRENT_TIMESTAMP, NULL),
(25, 5, 'B구역', 'https://example.com/gym5_area5.jpg', CURRENT_TIMESTAMP, CURRENT_TIMESTAMP, NULL),

-- 더클라임 클라이밍 연남점 (gym_id: 6) - spot_id: 26, 27, 28, 29, 30
(26, 6, '메인홀', 'https://example.com/gym6_area1.jpg', CURRENT_TIMESTAMP, CURRENT_TIMESTAMP, NULL),
(27, 6, '볼더링 구역', 'https://example.com/gym6_area2.jpg', CURRENT_TIMESTAMP, CURRENT_TIMESTAMP, NULL),
(28, 6, '루트 구역', 'https://example.com/gym6_area3.jpg', CURRENT_TIMESTAMP, CURRENT_TIMESTAMP, NULL),
(29, 6, '오버행 구역', 'https://example.com/gym6_area4.jpg', CURRENT_TIMESTAMP, CURRENT_TIMESTAMP, NULL),
(30, 6, '입문자 구역', 'https://example.com/gym6_area5.jpg', CURRENT_TIMESTAMP, CURRENT_TIMESTAMP, NULL),

-- 더클라임 클라이밍 강남점 (gym_id: 7) - spot_id: 31, 32, 33, 34, 35
(31, 7, '메인홀', 'https://example.com/gym7_area1.jpg', CURRENT_TIMESTAMP, CURRENT_TIMESTAMP, NULL),
(32, 7, '볼더링 구역', 'https://example.com/gym7_area2.jpg', CURRENT_TIMESTAMP, CURRENT_TIMESTAMP, NULL),
(33, 7, '루트 구역', 'https://example.com/gym7_area3.jpg', CURRENT_TIMESTAMP, CURRENT_TIMESTAMP, NULL),
(34, 7, '고급자 구역', 'https://example.com/gym7_area4.jpg', CURRENT_TIMESTAMP, CURRENT_TIMESTAMP, NULL),
(35, 7, '챌린지 구역', 'https://example.com/gym7_area5.jpg', CURRENT_TIMESTAMP, CURRENT_TIMESTAMP, NULL),

-- 더클라임 클라이밍 사당점 (gym_id: 8) - spot_id: 36, 37, 38, 39, 40
(36, 8, '메인홀', 'https://example.com/gym8_area1.jpg', CURRENT_TIMESTAMP, CURRENT_TIMESTAMP, NULL),
(37, 8, '볼더링 구역', 'https://example.com/gym8_area2.jpg', CURRENT_TIMESTAMP, CURRENT_TIMESTAMP, NULL),
(38, 8, '루트 구역', 'https://example.com/gym8_area3.jpg', CURRENT_TIMESTAMP, CURRENT_TIMESTAMP, NULL),
(39, 8, '슬랩 구역', 'https://example.com/gym8_area4.jpg', CURRENT_TIMESTAMP, CURRENT_TIMESTAMP, NULL),
(40, 8, '코너 구역', 'https://example.com/gym8_area5.jpg', CURRENT_TIMESTAMP, CURRENT_TIMESTAMP, NULL),

-- 더클라임 클라이밍 신사점 (gym_id: 9) - spot_id: 41, 42, 43, 44, 45
(41, 9, '메인홀', 'https://example.com/gym9_area1.jpg', CURRENT_TIMESTAMP, CURRENT_TIMESTAMP, NULL),
(42, 9, '볼더링 구역', 'https://example.com/gym9_area2.jpg', CURRENT_TIMESTAMP, CURRENT_TIMESTAMP, NULL),
(43, 9, '루트 구역', 'https://example.com/gym9_area3.jpg', CURRENT_TIMESTAMP, CURRENT_TIMESTAMP, NULL),
(44, 9, '초급자 구역', 'https://example.com/gym9_area4.jpg', CURRENT_TIMESTAMP, CURRENT_TIMESTAMP, NULL),
(45, 9, 'A구역', 'https://example.com/gym9_area5.jpg', CURRENT_TIMESTAMP, CURRENT_TIMESTAMP, NULL),

-- 더클라임 클라이밍 논현점 (gym_id: 10) - spot_id: 46, 47, 48, 49, 50
(46, 10, '메인홀', 'https://example.com/gym10_area1.jpg', CURRENT_TIMESTAMP, CURRENT_TIMESTAMP, NULL),
(47, 10, '볼더링 구역', 'https://example.com/gym10_area2.jpg', CURRENT_TIMESTAMP, CURRENT_TIMESTAMP,
 NULL),
(48, 10, '루트 구역', 'https://example.com/gym10_area3.jpg', CURRENT_TIMESTAMP, CURRENT_TIMESTAMP,
 NULL),
(49, 10, '오버행 구역', 'https://example.com/gym10_area4.jpg', CURRENT_TIMESTAMP, CURRENT_TIMESTAMP,
 NULL),
(50, 10, 'B구역', 'https://example.com/gym10_area5.jpg', CURRENT_TIMESTAMP, CURRENT_TIMESTAMP, NULL),

-- 더클라임 클라이밍 문래점 (gym_id: 11) - spot_id: 51, 52, 53, 54, 55
(51, 11, '메인홀', 'https://example.com/gym11_area1.jpg', CURRENT_TIMESTAMP, CURRENT_TIMESTAMP, NULL),
(52, 11, '볼더링 구역', 'https://example.com/gym11_area2.jpg', CURRENT_TIMESTAMP, CURRENT_TIMESTAMP,
 NULL),
(53, 11, '루트 구역', 'https://example.com/gym11_area3.jpg', CURRENT_TIMESTAMP, CURRENT_TIMESTAMP,
 NULL),
(54, 11, '고급자 구역', 'https://example.com/gym11_area4.jpg', CURRENT_TIMESTAMP, CURRENT_TIMESTAMP,
 NULL),
(55, 11, '챌린지 구역', 'https://example.com/gym11_area5.jpg', CURRENT_TIMESTAMP, CURRENT_TIMESTAMP,
 NULL),

-- 더클라임 클라이밍 이수점 (gym_id: 12) - spot_id: 56, 57, 58, 59, 60
(56, 12, '메인홀', 'https://example.com/gym12_area1.jpg', CURRENT_TIMESTAMP, CURRENT_TIMESTAMP, NULL),
(57, 12, '볼더링 구역', 'https://example.com/gym12_area2.jpg', CURRENT_TIMESTAMP, CURRENT_TIMESTAMP,
 NULL),
(58, 12, '루트 구역', 'https://example.com/gym12_area3.jpg', CURRENT_TIMESTAMP, CURRENT_TIMESTAMP,
 NULL),
(59, 12, '입문자 구역', 'https://example.com/gym12_area4.jpg', CURRENT_TIMESTAMP, CURRENT_TIMESTAMP,
 NULL),
(60, 12, '슬랩 구역', 'https://example.com/gym12_area5.jpg', CURRENT_TIMESTAMP, CURRENT_TIMESTAMP,
 NULL),

-- 더클라임 클라이밍 성수점 (gym_id: 13) - spot_id: 61, 62, 63, 64, 65
(61, 13, '메인홀', 'https://example.com/gym13_area1.jpg', CURRENT_TIMESTAMP, CURRENT_TIMESTAMP, NULL),
(62, 13, '볼더링 구역', 'https://example.com/gym13_area2.jpg', CURRENT_TIMESTAMP, CURRENT_TIMESTAMP,
 NULL),
(63, 13, '루트 구역', 'https://example.com/gym13_area3.jpg', CURRENT_TIMESTAMP, CURRENT_TIMESTAMP,
 NULL),
(64, 13, '코너 구역', 'https://example.com/gym13_area4.jpg', CURRENT_TIMESTAMP, CURRENT_TIMESTAMP,
 NULL),
(65, 13, 'A구역', 'https://example.com/gym13_area5.jpg', CURRENT_TIMESTAMP, CURRENT_TIMESTAMP, NULL);

-- 65 Problems (5 per gym)
INSERT INTO problems (problem_id,
                      gym_id,
                      gym_area_id,
                      local_level,
                      hold_color,
                      problem_rating,
                      problem_image_cdn_url,
                      active_status,
                      created_at,
                      updated_at,
                      deleted_at)
VALUES
-- 더클라임 클라이밍 B 홍대점 (gym_id: 1)
((UNHEX(REPLACE("550e8400-e29b-41d4-a716-446655440001", "-", ""))), 1, 1, '빨강', '초록', 142,
 'https://example.com/problem1.jpg', 'ACTIVE', CURRENT_TIMESTAMP, CURRENT_TIMESTAMP, NULL),
((UNHEX(REPLACE("550e8400-e29b-41d4-a716-446655440002", "-", ""))), 1, 1, '파랑', '파랑', 876,
 'https://example.com/problem2.jpg', 'ACTIVE', CURRENT_TIMESTAMP, CURRENT_TIMESTAMP, NULL),
((UNHEX(REPLACE("550e8400-e29b-41d4-a716-446655440003", "-", ""))), 1, 1, '초록', '노랑', 1542,
 'https://example.com/problem3.jpg', 'ACTIVE', CURRENT_TIMESTAMP, CURRENT_TIMESTAMP, NULL),
((UNHEX(REPLACE("550e8400-e29b-41d4-a716-446655440004", "-", ""))), 1, 2, '빨강', '초록', 89,
 'https://example.com/problem4.jpg', 'ACTIVE', CURRENT_TIMESTAMP, CURRENT_TIMESTAMP, NULL),
((UNHEX(REPLACE("550e8400-e29b-41d4-a716-446655440005", "-", ""))), 1, 2, '파랑', '보라', 1234,
 'https://example.com/problem5.jpg', 'ACTIVE', CURRENT_TIMESTAMP, CURRENT_TIMESTAMP, NULL),

-- 더클라임 클라이밍 일산점 (gym_id: 2)
((UNHEX(REPLACE("550e8400-e29b-41d4-a716-446655440006", "-", ""))), 2, 6, '빨강', '빨강', 234,
 'https://example.com/problem6.jpg', 'ACTIVE', CURRENT_TIMESTAMP, CURRENT_TIMESTAMP, NULL),
((UNHEX(REPLACE("550e8400-e29b-41d4-a716-446655440007", "-", ""))), 2, 7, '파랑', '파랑', 1567,
 'https://example.com/problem7.jpg', 'ACTIVE', CURRENT_TIMESTAMP, CURRENT_TIMESTAMP, NULL),
((UNHEX(REPLACE("550e8400-e29b-41d4-a716-446655440008", "-", ""))), 2, 8, '초록', '노랑', 2345,
 'https://example.com/problem8.jpg', 'ACTIVE', CURRENT_TIMESTAMP, CURRENT_TIMESTAMP, NULL),
((UNHEX(REPLACE("550e8400-e29b-41d4-a716-446655440009", "-", ""))), 2, 9, '빨강', '초록', 178,
 'https://example.com/problem9.jpg', 'ACTIVE', CURRENT_TIMESTAMP, CURRENT_TIMESTAMP, NULL),
((UNHEX(REPLACE("550e8400-e29b-41d4-a716-446655440010", "-", ""))), 2, 10, '파랑', '보라', 987,
 'https://example.com/problem10.jpg', 'ACTIVE', CURRENT_TIMESTAMP, CURRENT_TIMESTAMP, NULL),

-- 더클라임 클라이밍 마곡점 (gym_id: 3)
((UNHEX(REPLACE("550e8400-e29b-41d4-a716-446655440011", "-", ""))), 3, 11, '빨강', '빨강', 67,
 'https://example.com/problem11.jpg', 'ACTIVE', CURRENT_TIMESTAMP, CURRENT_TIMESTAMP, NULL),
((UNHEX(REPLACE("550e8400-e29b-41d4-a716-446655440012", "-", ""))), 3, 12, '파랑', '파랑', 1456,
 'https://example.com/problem12.jpg', 'ACTIVE', CURRENT_TIMESTAMP, CURRENT_TIMESTAMP, NULL),
((UNHEX(REPLACE("550e8400-e29b-41d4-a716-446655440013", "-", ""))), 3, 13, '초록', '노랑', 2789,
 'https://example.com/problem13.jpg', 'ACTIVE', CURRENT_TIMESTAMP, CURRENT_TIMESTAMP, NULL),
((UNHEX(REPLACE("550e8400-e29b-41d4-a716-446655440014", "-", ""))), 3, 14, '빨강', '초록', 45,
 'https://example.com/problem14.jpg', 'ACTIVE', CURRENT_TIMESTAMP, CURRENT_TIMESTAMP, NULL),
((UNHEX(REPLACE("550e8400-e29b-41d4-a716-446655440015", "-", ""))), 3, 15, '파랑', '보라', 1123,
 'https://example.com/problem15.jpg', 'ACTIVE', CURRENT_TIMESTAMP, CURRENT_TIMESTAMP, NULL),

-- 더클라임 클라이밍 양재점 (gym_id: 4)
((UNHEX(REPLACE("550e8400-e29b-41d4-a716-446655440016", "-", ""))), 4, 16, '빨강', '빨강', 345,
 'https://example.com/problem16.jpg', 'ACTIVE', CURRENT_TIMESTAMP, CURRENT_TIMESTAMP, NULL),
((UNHEX(REPLACE("550e8400-e29b-41d4-a716-446655440017", "-", ""))), 4, 17, '파랑', '파랑', 1234,
 'https://example.com/problem17.jpg', 'ACTIVE', CURRENT_TIMESTAMP, CURRENT_TIMESTAMP, NULL),
((UNHEX(REPLACE("550e8400-e29b-41d4-a716-446655440018", "-", ""))), 4, 18, '초록', '노랑', 2156,
 'https://example.com/problem18.jpg', 'ACTIVE', CURRENT_TIMESTAMP, CURRENT_TIMESTAMP, NULL),
((UNHEX(REPLACE("550e8400-e29b-41d4-a716-446655440019", "-", ""))), 4, 19, '빨강', '초록', 123,
 'https://example.com/problem19.jpg', 'ACTIVE', CURRENT_TIMESTAMP, CURRENT_TIMESTAMP, NULL),
((UNHEX(REPLACE("550e8400-e29b-41d4-a716-446655440020", "-", ""))), 4, 20, '파랑', '보라', 845,
 'https://example.com/problem20.jpg', 'ACTIVE', CURRENT_TIMESTAMP, CURRENT_TIMESTAMP, NULL),

-- 더클라임 클라이밍 신림점 (gym_id: 5)
((UNHEX(REPLACE("550e8400-e29b-41d4-a716-446655440021", "-", ""))), 5, 21, '빨강', '빨강', 78,
 'https://example.com/problem21.jpg', 'ACTIVE', CURRENT_TIMESTAMP, CURRENT_TIMESTAMP, NULL),
((UNHEX(REPLACE("550e8400-e29b-41d4-a716-446655440022", "-", ""))), 5, 22, '파랑', '파랑', 1678,
 'https://example.com/problem22.jpg', 'ACTIVE', CURRENT_TIMESTAMP, CURRENT_TIMESTAMP, NULL),
((UNHEX(REPLACE("550e8400-e29b-41d4-a716-446655440023", "-", ""))), 5, 23, '초록', '노랑', 2543,
 'https://example.com/problem23.jpg', 'ACTIVE', CURRENT_TIMESTAMP, CURRENT_TIMESTAMP, NULL),
((UNHEX(REPLACE("550e8400-e29b-41d4-a716-446655440024", "-", ""))), 5, 24, '빨강', '초록', 23,
 'https://example.com/problem24.jpg', 'ACTIVE', CURRENT_TIMESTAMP, CURRENT_TIMESTAMP, NULL),
((UNHEX(REPLACE("550e8400-e29b-41d4-a716-446655440025", "-", ""))), 5, 25, '파랑', '보라', 1345,
 'https://example.com/problem25.jpg', 'ACTIVE', CURRENT_TIMESTAMP, CURRENT_TIMESTAMP, NULL),

-- 더클라임 클라이밍 연남점 (gym_id: 6)
((UNHEX(REPLACE("550e8400-e29b-41d4-a716-446655440026", "-", ""))), 6, 26, '빨강', '빨강', 456,
 'https://example.com/problem26.jpg', 'ACTIVE', CURRENT_TIMESTAMP, CURRENT_TIMESTAMP, NULL),
((UNHEX(REPLACE("550e8400-e29b-41d4-a716-446655440027", "-", ""))), 6, 27, '파랑', '파랑', 1098,
 'https://example.com/problem27.jpg', 'ACTIVE', CURRENT_TIMESTAMP, CURRENT_TIMESTAMP, NULL),
((UNHEX(REPLACE("550e8400-e29b-41d4-a716-446655440028", "-", ""))), 6, 28, '초록', '노랑', 1987,
 'https://example.com/problem28.jpg', 'ACTIVE', CURRENT_TIMESTAMP, CURRENT_TIMESTAMP, NULL),
((UNHEX(REPLACE("550e8400-e29b-41d4-a716-446655440029", "-", ""))), 6, 29, '빨강', '초록', 267,
 'https://example.com/problem29.jpg', 'ACTIVE', CURRENT_TIMESTAMP, CURRENT_TIMESTAMP, NULL),
((UNHEX(REPLACE("550e8400-e29b-41d4-a716-446655440030", "-", ""))), 6, 30, '파랑', '보라', 765,
 'https://example.com/problem30.jpg', 'ACTIVE', CURRENT_TIMESTAMP, CURRENT_TIMESTAMP, NULL),

-- 더클라임 클라이밍 강남점 (gym_id: 7)
((UNHEX(REPLACE("550e8400-e29b-41d4-a716-446655440031", "-", ""))), 7, 31, '빨강', '빨강', 156,
 'https://example.com/problem31.jpg', 'ACTIVE', CURRENT_TIMESTAMP, CURRENT_TIMESTAMP, NULL),
((UNHEX(REPLACE("550e8400-e29b-41d4-a716-446655440032", "-", ""))), 7, 32, '파랑', '파랑', 1789,
 'https://example.com/problem32.jpg', 'ACTIVE', CURRENT_TIMESTAMP, CURRENT_TIMESTAMP, NULL),
((UNHEX(REPLACE("550e8400-e29b-41d4-a716-446655440033", "-", ""))), 7, 33, '초록', '노랑', 2698,
 'https://example.com/problem33.jpg', 'ACTIVE', CURRENT_TIMESTAMP, CURRENT_TIMESTAMP, NULL),
((UNHEX(REPLACE("550e8400-e29b-41d4-a716-446655440034", "-", ""))), 7, 34, '빨강', '초록', 34,
 'https://example.com/problem34.jpg', 'ACTIVE', CURRENT_TIMESTAMP, CURRENT_TIMESTAMP, NULL),
((UNHEX(REPLACE("550e8400-e29b-41d4-a716-446655440035", "-", ""))), 7, 35, '파랑', '보라', 1456,
 'https://example.com/problem35.jpg', 'ACTIVE', CURRENT_TIMESTAMP, CURRENT_TIMESTAMP, NULL),

-- 더클라임 클라이밍 사당점 (gym_id: 8)
((UNHEX(REPLACE("550e8400-e29b-41d4-a716-446655440036", "-", ""))), 8, 36, '빨강', '빨강', 389,
 'https://example.com/problem36.jpg', 'ACTIVE', CURRENT_TIMESTAMP, CURRENT_TIMESTAMP, NULL),
((UNHEX(REPLACE("550e8400-e29b-41d4-a716-446655440037", "-", ""))), 8, 37, '파랑', '파랑', 1298,
 'https://example.com/problem37.jpg', 'ACTIVE', CURRENT_TIMESTAMP, CURRENT_TIMESTAMP, NULL),
((UNHEX(REPLACE("550e8400-e29b-41d4-a716-446655440038", "-", ""))), 8, 38, '초록', '노랑', 2134,
 'https://example.com/problem38.jpg', 'ACTIVE', CURRENT_TIMESTAMP, CURRENT_TIMESTAMP, NULL),
((UNHEX(REPLACE("550e8400-e29b-41d4-a716-446655440039", "-", ""))), 8, 39, '빨강', '초록', 198,
 'https://example.com/problem39.jpg', 'ACTIVE', CURRENT_TIMESTAMP, CURRENT_TIMESTAMP, NULL),
((UNHEX(REPLACE("550e8400-e29b-41d4-a716-446655440040", "-", ""))), 8, 40, '파랑', '보라', 934,
 'https://example.com/problem40.jpg', 'ACTIVE', CURRENT_TIMESTAMP, CURRENT_TIMESTAMP, NULL),

-- 더클라임 클라이밍 신사점 (gym_id: 9)
((UNHEX(REPLACE("550e8400-e29b-41d4-a716-446655440041", "-", ""))), 9, 41, '빨강', '빨강', 89,
 'https://example.com/problem41.jpg', 'ACTIVE', CURRENT_TIMESTAMP, CURRENT_TIMESTAMP, NULL),
((UNHEX(REPLACE("550e8400-e29b-41d4-a716-446655440042", "-", ""))), 9, 42, '파랑', '파랑', 1567,
 'https://example.com/problem42.jpg', 'ACTIVE', CURRENT_TIMESTAMP, CURRENT_TIMESTAMP, NULL),
((UNHEX(REPLACE("550e8400-e29b-41d4-a716-446655440043", "-", ""))), 9, 43, '초록', '노랑', 2756,
 'https://example.com/problem43.jpg', 'ACTIVE', CURRENT_TIMESTAMP, CURRENT_TIMESTAMP, NULL),
((UNHEX(REPLACE("550e8400-e29b-41d4-a716-446655440044", "-", ""))), 9, 44, '빨강', '초록', 12,
 'https://example.com/problem44.jpg', 'ACTIVE', CURRENT_TIMESTAMP, CURRENT_TIMESTAMP, NULL),
((UNHEX(REPLACE("550e8400-e29b-41d4-a716-446655440045", "-", ""))), 9, 45, '파랑', '보라', 1234,
 'https://example.com/problem45.jpg', 'ACTIVE', CURRENT_TIMESTAMP, CURRENT_TIMESTAMP, NULL),

-- 더클라임 클라이밍 논현점 (gym_id: 10)
((UNHEX(REPLACE("550e8400-e29b-41d4-a716-446655440046", "-", ""))), 10, 46, '빨강', '빨강', 467,
 'https://example.com/problem46.jpg', 'ACTIVE', CURRENT_TIMESTAMP, CURRENT_TIMESTAMP, NULL),
((UNHEX(REPLACE("550e8400-e29b-41d4-a716-446655440047", "-", ""))), 10, 47, '파랑', '파랑', 1123,
 'https://example.com/problem47.jpg', 'ACTIVE', CURRENT_TIMESTAMP, CURRENT_TIMESTAMP, NULL),
((UNHEX(REPLACE("550e8400-e29b-41d4-a716-446655440048", "-", ""))), 10, 48, '초록', '노랑', 2087,
 'https://example.com/problem48.jpg', 'ACTIVE', CURRENT_TIMESTAMP, CURRENT_TIMESTAMP, NULL),
((UNHEX(REPLACE("550e8400-e29b-41d4-a716-446655440049", "-", ""))), 10, 49, '빨강', '초록', 234,
 'https://example.com/problem49.jpg', 'ACTIVE', CURRENT_TIMESTAMP, CURRENT_TIMESTAMP, NULL),
((UNHEX(REPLACE("550e8400-e29b-41d4-a716-446655440050", "-", ""))), 10, 50, '파랑', '보라', 856,
 'https://example.com/problem50.jpg', 'ACTIVE', CURRENT_TIMESTAMP, CURRENT_TIMESTAMP, NULL),

-- 더클라임 클라이밍 문래점 (gym_id: 11)
((UNHEX(REPLACE("550e8400-e29b-41d4-a716-446655440051", "-", ""))), 11, 51, '빨강', '빨강', 156,
 'https://example.com/problem51.jpg', 'ACTIVE', CURRENT_TIMESTAMP, CURRENT_TIMESTAMP, NULL),
((UNHEX(REPLACE("550e8400-e29b-41d4-a716-446655440052", "-", ""))), 11, 52, '파랑', '파랑', 1789,
 'https://example.com/problem52.jpg', 'ACTIVE', CURRENT_TIMESTAMP, CURRENT_TIMESTAMP, NULL),
((UNHEX(REPLACE("550e8400-e29b-41d4-a716-446655440053", "-", ""))), 11, 53, '초록', '노랑', 2901,
 'https://example.com/problem53.jpg', 'ACTIVE', CURRENT_TIMESTAMP, CURRENT_TIMESTAMP, NULL),
((UNHEX(REPLACE("550e8400-e29b-41d4-a716-446655440054", "-", ""))), 11, 54, '빨강', '초록', 56,
 'https://example.com/problem54.jpg', 'ACTIVE', CURRENT_TIMESTAMP, CURRENT_TIMESTAMP, NULL),
((UNHEX(REPLACE("550e8400-e29b-41d4-a716-446655440055", "-", ""))), 11, 55, '파랑', '보라', 1456,
 'https://example.com/problem55.jpg', 'ACTIVE', CURRENT_TIMESTAMP, CURRENT_TIMESTAMP, NULL),

-- 더클라임 클라이밍 이수점 (gym_id: 12)
((UNHEX(REPLACE("550e8400-e29b-41d4-a716-446655440056", "-", ""))), 12, 56, '빨강', '빨강', 423,
 'https://example.com/problem56.jpg', 'ACTIVE', CURRENT_TIMESTAMP, CURRENT_TIMESTAMP, NULL),
((UNHEX(REPLACE("550e8400-e29b-41d4-a716-446655440057", "-", ""))), 12, 57, '파랑', '파랑', 1345,
 'https://example.com/problem57.jpg', 'ACTIVE', CURRENT_TIMESTAMP, CURRENT_TIMESTAMP, NULL),
((UNHEX(REPLACE("550e8400-e29b-41d4-a716-446655440058", "-", ""))), 12, 58, '초록', '노랑', 2234,
 'https://example.com/problem58.jpg', 'ACTIVE', CURRENT_TIMESTAMP, CURRENT_TIMESTAMP, NULL),
((UNHEX(REPLACE("550e8400-e29b-41d4-a716-446655440059", "-", ""))), 12, 59, '빨강', '초록', 289,
 'https://example.com/problem59.jpg', 'ACTIVE', CURRENT_TIMESTAMP, CURRENT_TIMESTAMP, NULL),
((UNHEX(REPLACE("550e8400-e29b-41d4-a716-446655440060", "-", ""))), 12, 60, '파랑', '보라', 978,
 'https://example.com/problem60.jpg', 'ACTIVE', CURRENT_TIMESTAMP, CURRENT_TIMESTAMP, NULL),

-- 더클라임 클라이밍 성수점 (gym_id: 13)
((UNHEX(REPLACE("550e8400-e29b-41d4-a716-446655440061", "-", ""))), 13, 61, '빨강', '빨강', 101,
 'https://example.com/problem61.jpg', 'ACTIVE', CURRENT_TIMESTAMP, CURRENT_TIMESTAMP, NULL),
((UNHEX(REPLACE("550e8400-e29b-41d4-a716-446655440062", "-", ""))), 13, 62, '파랑', '파랑', 1678,
 'https://example.com/problem62.jpg', 'ACTIVE', CURRENT_TIMESTAMP, CURRENT_TIMESTAMP, NULL),
((UNHEX(REPLACE("550e8400-e29b-41d4-a716-446655440063", "-", ""))), 13, 63, '초록', '노랑', 2987,
 'https://example.com/problem63.jpg', 'ACTIVE', CURRENT_TIMESTAMP, CURRENT_TIMESTAMP, NULL),
((UNHEX(REPLACE("550e8400-e29b-41d4-a716-446655440064", "-", ""))), 13, 64, '빨강', '초록', 1,
 'https://example.com/problem64.jpg', 'ACTIVE', CURRENT_TIMESTAMP, CURRENT_TIMESTAMP, NULL),
((UNHEX(REPLACE("550e8400-e29b-41d4-a716-446655440065", "-", ""))), 13, 65, '파랑', '보라', 1567,
 'https://example.com/problem65.jpg', 'ACTIVE', CURRENT_TIMESTAMP, CURRENT_TIMESTAMP, NULL);


INSERT INTO user_ranking_histories (user_id,
                                    criteria,
                                    value,
                                    created_at,
                                    updated_at,
                                    deleted_at)
VALUES (1, 'RATING', 2500, CURRENT_TIMESTAMP, CURRENT_TIMESTAMP, NULL),
       (2, 'RATING', 1, '2025-01-01 00:00:00', '2025-01-01 00:00:00', NULL),
       (2, 'RATING', 1947, '2025-01-08 00:00:00', '2025-01-08 00:00:00', NULL),
       (2, 'RATING', 3432, '2025-01-15 00:00:00', '2025-01-15 00:00:00', NULL),
       (2, 'RATING', 4167, '2025-01-22 00:00:00', '2025-01-22 00:00:00', NULL),
       (2, 'RATING', 4648, '2025-01-29 00:00:00', '2025-01-29 00:00:00', NULL),
       (2, 'RATING', 5425, '2025-02-05 00:00:00', '2025-02-05 00:00:00', NULL),
       (2, 'RATING', 5843, '2025-02-12 00:00:00', '2025-02-12 00:00:00', NULL),
       (2, 'RATING', 6011, '2025-02-19 00:00:00', '2025-02-19 00:00:00', NULL),
       (2, 'RATING', 6496, '2025-02-26 00:00:00', '2025-02-26 00:00:00', NULL),
       (2, 'RATING', 6899, '2025-03-05 00:00:00', '2025-03-05 00:00:00', NULL),
       (2, 'RATING', 6915, '2025-03-12 00:00:00', '2025-03-12 00:00:00', NULL),
       (2, 'RATING', 7266, '2025-03-19 00:00:00', '2025-03-19 00:00:00', NULL),
       (2, 'RATING', 7689, '2025-03-26 00:00:00', '2025-03-26 00:00:00', NULL),
       (2, 'RATING', 7722, '2025-04-02 00:00:00', '2025-04-02 00:00:00', NULL),
       (2, 'RATING', 7983, '2025-04-09 00:00:00', '2025-04-09 00:00:00', NULL),
       (2, 'RATING', 8218, '2025-04-16 00:00:00', '2025-04-16 00:00:00', NULL),
       (2, 'RATING', 8371, '2025-04-23 00:00:00', '2025-04-23 00:00:00', NULL),
       (2, 'RATING', 8691, '2025-04-30 00:00:00', '2025-04-30 00:00:00', NULL),
       (2, 'RATING', 8686, '2025-05-07 00:00:00', '2025-05-07 00:00:00', NULL),
       (2, 'RATING', 8966, '2025-05-14 00:00:00', '2025-05-14 00:00:00', NULL),
       (2, 'RATING', 8838, '2025-05-21 00:00:00', '2025-05-21 00:00:00', NULL),
       (2, 'RATING', 9094, '2025-05-28 00:00:00', '2025-05-28 00:00:00', NULL),
       (2, 'RATING', 9213, '2025-06-04 00:00:00', '2025-06-04 00:00:00', NULL),
       (2, 'RATING', 9328, '2025-06-11 00:00:00', '2025-06-11 00:00:00', NULL),
       (2, 'RATING', 9482, '2025-06-18 00:00:00', '2025-06-18 00:00:00', NULL),
       (2, 'RATING', 9679, '2025-06-25 00:00:00', '2025-06-25 00:00:00', NULL),
       (2, 'RATING', 9687, '2025-07-02 00:00:00', '2025-07-02 00:00:00', NULL),
       (2, 'RATING', 9809, '2025-07-09 00:00:00', '2025-07-09 00:00:00', NULL),
       (2, 'RATING', 9971, '2025-07-16 00:00:00', '2025-07-16 00:00:00', NULL),
       (2, 'RATING', 10000, '2025-07-23 00:00:00', '2025-07-23 00:00:00', NULL),
       (3, 'RATING', 1, '2025-01-01 00:00:00', '2025-01-01 00:00:00', NULL),
       (3, 'RATING', 2052, '2025-01-08 00:00:00', '2025-01-08 00:00:00', NULL),
       (3, 'RATING', 3412, '2025-01-15 00:00:00', '2025-01-15 00:00:00', NULL),
       (3, 'RATING', 4282, '2025-01-22 00:00:00', '2025-01-22 00:00:00', NULL),
       (3, 'RATING', 4760, '2025-01-29 00:00:00', '2025-01-29 00:00:00', NULL),
       (3, 'RATING', 5226, '2025-02-05 00:00:00', '2025-02-05 00:00:00', NULL),
       (3, 'RATING', 5716, '2025-02-12 00:00:00', '2025-02-12 00:00:00', NULL),
       (3, 'RATING', 6298, '2025-02-19 00:00:00', '2025-02-19 00:00:00', NULL),
       (3, 'RATING', 6300, '2025-02-26 00:00:00', '2025-02-26 00:00:00', NULL),
       (3, 'RATING', 7026, '2025-03-05 00:00:00', '2025-03-05 00:00:00', NULL),
       (3, 'RATING', 7163, '2025-03-12 00:00:00', '2025-03-12 00:00:00', NULL),
       (3, 'RATING', 7355, '2025-03-19 00:00:00', '2025-03-19 00:00:00', NULL),
       (3, 'RATING', 7656, '2025-03-26 00:00:00', '2025-03-26 00:00:00', NULL),
       (3, 'RATING', 7676, '2025-04-02 00:00:00', '2025-04-02 00:00:00', NULL),
       (3, 'RATING', 7839, '2025-04-09 00:00:00', '2025-04-09 00:00:00', NULL),
       (3, 'RATING', 8236, '2025-04-16 00:00:00', '2025-04-16 00:00:00', NULL),
       (3, 'RATING', 8271, '2025-04-23 00:00:00', '2025-04-23 00:00:00', NULL),
       (3, 'RATING', 8477, '2025-04-30 00:00:00', '2025-04-30 00:00:00', NULL),
       (3, 'RATING', 8768, '2025-05-07 00:00:00', '2025-05-07 00:00:00', NULL),
       (3, 'RATING', 8822, '2025-05-14 00:00:00', '2025-05-14 00:00:00', NULL),
       (3, 'RATING', 8781, '2025-05-21 00:00:00', '2025-05-21 00:00:00', NULL),
       (3, 'RATING', 9007, '2025-05-28 00:00:00', '2025-05-28 00:00:00', NULL),
       (3, 'RATING', 9151, '2025-06-04 00:00:00', '2025-06-04 00:00:00', NULL),
       (3, 'RATING', 9785, '2025-06-11 00:00:00', '2025-06-11 00:00:00', NULL),
       (3, 'RATING', 9613, '2025-06-18 00:00:00', '2025-06-18 00:00:00', NULL),
       (3, 'RATING', 9465, '2025-06-25 00:00:00', '2025-06-25 00:00:00', NULL),
       (3, 'RATING', 9526, '2025-07-02 00:00:00', '2025-07-02 00:00:00', NULL),
       (3, 'RATING', 9876, '2025-07-09 00:00:00', '2025-07-09 00:00:00', NULL),
       (3, 'RATING', 9865, '2025-07-16 00:00:00', '2025-07-16 00:00:00', NULL),
       (3, 'RATING', 10000, '2025-07-23 00:00:00', '2025-07-23 00:00:00', NULL),
       (2, 'SOLVED_COUNT', 5, '2025-01-01 00:00:00', '2025-01-01 00:00:00', NULL),
       (2, 'SOLVED_COUNT', 43, '2025-01-08 00:00:00', '2025-01-08 00:00:00', NULL),
       (2, 'SOLVED_COUNT', 66, '2025-01-15 00:00:00', '2025-01-15 00:00:00', NULL),
       (2, 'SOLVED_COUNT', 82, '2025-01-22 00:00:00', '2025-01-22 00:00:00', NULL),
       (2, 'SOLVED_COUNT', 95, '2025-01-29 00:00:00', '2025-01-29 00:00:00', NULL),
       (2, 'SOLVED_COUNT', 110, '2025-02-05 00:00:00', '2025-02-05 00:00:00', NULL),
       (2, 'SOLVED_COUNT', 121, '2025-02-12 00:00:00', '2025-02-12 00:00:00', NULL),
       (2, 'SOLVED_COUNT', 123, '2025-02-19 00:00:00', '2025-02-19 00:00:00', NULL),
       (2, 'SOLVED_COUNT', 129, '2025-02-26 00:00:00', '2025-02-26 00:00:00', NULL),
       (2, 'SOLVED_COUNT', 134, '2025-03-05 00:00:00', '2025-03-05 00:00:00', NULL),
       (2, 'SOLVED_COUNT', 142, '2025-03-12 00:00:00', '2025-03-12 00:00:00', NULL),
       (2, 'SOLVED_COUNT', 146, '2025-03-19 00:00:00', '2025-03-19 00:00:00', NULL),
       (2, 'SOLVED_COUNT', 150, '2025-03-26 00:00:00', '2025-03-26 00:00:00', NULL),
       (2, 'SOLVED_COUNT', 155, '2025-04-02 00:00:00', '2025-04-02 00:00:00', NULL),
       (2, 'SOLVED_COUNT', 159, '2025-04-09 00:00:00', '2025-04-09 00:00:00', NULL),
       (2, 'SOLVED_COUNT', 163, '2025-04-16 00:00:00', '2025-04-16 00:00:00', NULL),
       (2, 'SOLVED_COUNT', 167, '2025-04-23 00:00:00', '2025-04-23 00:00:00', NULL),
       (2, 'SOLVED_COUNT', 174, '2025-04-30 00:00:00', '2025-04-30 00:00:00', NULL),
       (2, 'SOLVED_COUNT', 177, '2025-05-07 00:00:00', '2025-05-07 00:00:00', NULL),
       (2, 'SOLVED_COUNT', 177, '2025-05-14 00:00:00', '2025-05-14 00:00:00', NULL),
       (2, 'SOLVED_COUNT', 177, '2025-05-21 00:00:00', '2025-05-21 00:00:00', NULL),
       (2, 'SOLVED_COUNT', 184, '2025-05-28 00:00:00', '2025-05-28 00:00:00', NULL),
       (2, 'SOLVED_COUNT', 182, '2025-06-04 00:00:00', '2025-06-04 00:00:00', NULL),
       (2, 'SOLVED_COUNT', 188, '2025-06-11 00:00:00', '2025-06-11 00:00:00', NULL),
       (2, 'SOLVED_COUNT', 196, '2025-06-18 00:00:00', '2025-06-18 00:00:00', NULL),
       (2, 'SOLVED_COUNT', 193, '2025-06-25 00:00:00', '2025-06-25 00:00:00', NULL),
       (2, 'SOLVED_COUNT', 194, '2025-07-02 00:00:00', '2025-07-02 00:00:00', NULL),
       (2, 'SOLVED_COUNT', 198, '2025-07-09 00:00:00', '2025-07-09 00:00:00', NULL),
       (2, 'SOLVED_COUNT', 197, '2025-07-16 00:00:00', '2025-07-16 00:00:00', NULL),
       (2, 'SOLVED_COUNT', 199, '2025-07-23 00:00:00', '2025-07-23 00:00:00', NULL),
       (3, 'SOLVED_COUNT', 1, '2025-01-01 00:00:00', '2025-01-01 00:00:00', NULL),
       (3, 'SOLVED_COUNT', 42, '2025-01-08 00:00:00', '2025-01-08 00:00:00', NULL),
       (3, 'SOLVED_COUNT', 65, '2025-01-15 00:00:00', '2025-01-15 00:00:00', NULL),
       (3, 'SOLVED_COUNT', 81, '2025-01-22 00:00:00', '2025-01-22 00:00:00', NULL),
       (3, 'SOLVED_COUNT', 96, '2025-01-29 00:00:00', '2025-01-29 00:00:00', NULL),
       (3, 'SOLVED_COUNT', 104, '2025-02-05 00:00:00', '2025-02-05 00:00:00', NULL),
       (3, 'SOLVED_COUNT', 116, '2025-02-12 00:00:00', '2025-02-12 00:00:00', NULL),
       (3, 'SOLVED_COUNT', 124, '2025-02-19 00:00:00', '2025-02-19 00:00:00', NULL),
       (3, 'SOLVED_COUNT', 129, '2025-02-26 00:00:00', '2025-02-26 00:00:00', NULL),
       (3, 'SOLVED_COUNT', 136, '2025-03-05 00:00:00', '2025-03-05 00:00:00', NULL),
       (3, 'SOLVED_COUNT', 140, '2025-03-12 00:00:00', '2025-03-12 00:00:00', NULL),
       (3, 'SOLVED_COUNT', 146, '2025-03-19 00:00:00', '2025-03-19 00:00:00', NULL),
       (3, 'SOLVED_COUNT', 150, '2025-03-26 00:00:00', '2025-03-26 00:00:00', NULL),
       (3, 'SOLVED_COUNT', 158, '2025-04-02 00:00:00', '2025-04-02 00:00:00', NULL),
       (3, 'SOLVED_COUNT', 161, '2025-04-09 00:00:00', '2025-04-09 00:00:00', NULL),
       (3, 'SOLVED_COUNT', 164, '2025-04-16 00:00:00', '2025-04-16 00:00:00', NULL),
       (3, 'SOLVED_COUNT', 168, '2025-04-23 00:00:00', '2025-04-23 00:00:00', NULL),
       (3, 'SOLVED_COUNT', 173, '2025-04-30 00:00:00', '2025-04-30 00:00:00', NULL),
       (3, 'SOLVED_COUNT', 173, '2025-05-07 00:00:00', '2025-05-07 00:00:00', NULL),
       (3, 'SOLVED_COUNT', 177, '2025-05-14 00:00:00', '2025-05-14 00:00:00', NULL),
       (3, 'SOLVED_COUNT', 177, '2025-05-21 00:00:00', '2025-05-21 00:00:00', NULL),
       (3, 'SOLVED_COUNT', 183, '2025-05-28 00:00:00', '2025-05-28 00:00:00', NULL),
       (3, 'SOLVED_COUNT', 184, '2025-06-04 00:00:00', '2025-06-04 00:00:00', NULL),
       (3, 'SOLVED_COUNT', 187, '2025-06-11 00:00:00', '2025-06-11 00:00:00', NULL),
       (3, 'SOLVED_COUNT', 189, '2025-06-18 00:00:00', '2025-06-18 00:00:00', NULL),
       (3, 'SOLVED_COUNT', 186, '2025-06-25 00:00:00', '2025-06-25 00:00:00', NULL),
       (3, 'SOLVED_COUNT', 196, '2025-07-02 00:00:00', '2025-07-02 00:00:00', NULL),
       (3, 'SOLVED_COUNT', 195, '2025-07-09 00:00:00', '2025-07-09 00:00:00', NULL),
       (3, 'SOLVED_COUNT', 194, '2025-07-16 00:00:00', '2025-07-16 00:00:00', NULL),
       (3, 'SOLVED_COUNT', 200, '2025-07-23 00:00:00', '2025-07-23 00:00:00', NULL),
       (2, 'RATING', 209, '2025-01-01 00:00:00', '2025-01-01 00:00:00', NULL),
       (2, 'RATING', 178, '2025-01-08 00:00:00', '2025-01-08 00:00:00', NULL),
       (2, 'RATING', 143, '2025-01-15 00:00:00', '2025-01-15 00:00:00', NULL),
       (2, 'RATING', 153, '2025-01-22 00:00:00', '2025-01-22 00:00:00', NULL),
       (2, 'RATING', 53, '2025-01-29 00:00:00', '2025-01-29 00:00:00', NULL),
       (2, 'RATING', 71, '2025-02-05 00:00:00', '2025-02-05 00:00:00', NULL),
       (2, 'RATING', 95, '2025-02-12 00:00:00', '2025-02-12 00:00:00', NULL),
       (2, 'RATING', 51, '2025-02-19 00:00:00', '2025-02-19 00:00:00', NULL),
       (2, 'RATING', 73, '2025-02-26 00:00:00', '2025-02-26 00:00:00', NULL),
       (2, 'RATING', 76, '2025-03-05 00:00:00', '2025-03-05 00:00:00', NULL),
       (2, 'RATING', 48, '2025-03-12 00:00:00', '2025-03-12 00:00:00', NULL),
       (2, 'RATING', 80, '2025-03-19 00:00:00', '2025-03-19 00:00:00', NULL),
       (2, 'RATING', 59, '2025-03-26 00:00:00', '2025-03-26 00:00:00', NULL),
       (2, 'RATING', 58, '2025-04-02 00:00:00', '2025-04-02 00:00:00', NULL),
       (2, 'RATING', 67, '2025-04-09 00:00:00', '2025-04-09 00:00:00', NULL),
       (2, 'RATING', 30, '2025-04-16 00:00:00', '2025-04-16 00:00:00', NULL),
       (2, 'RATING', 28, '2025-04-23 00:00:00', '2025-04-23 00:00:00', NULL),
       (2, 'RATING', 9, '2025-04-30 00:00:00', '2025-04-30 00:00:00', NULL),
       (2, 'RATING', 45, '2025-05-07 00:00:00', '2025-05-07 00:00:00', NULL),
       (2, 'RATING', 30, '2025-05-14 00:00:00', '2025-05-14 00:00:00', NULL),
       (2, 'RATING', 39, '2025-05-21 00:00:00', '2025-05-21 00:00:00', NULL),
       (2, 'RATING', 33, '2025-05-28 00:00:00', '2025-05-28 00:00:00', NULL),
       (2, 'RATING', 1, '2025-06-04 00:00:00', '2025-06-04 00:00:00', NULL),
       (2, 'RATING', 1, '2025-06-11 00:00:00', '2025-06-11 00:00:00', NULL),
       (2, 'RATING', 8, '2025-06-18 00:00:00', '2025-06-18 00:00:00', NULL),
       (2, 'RATING', 22, '2025-06-25 00:00:00', '2025-06-25 00:00:00', NULL),
       (2, 'RATING', 1, '2025-07-02 00:00:00', '2025-07-02 00:00:00', NULL),
       (2, 'RATING', 1, '2025-07-09 00:00:00', '2025-07-09 00:00:00', NULL),
       (2, 'RATING', 22, '2025-07-16 00:00:00', '2025-07-16 00:00:00', NULL),
       (2, 'RATING', 1, '2025-07-23 00:00:00', '2025-07-23 00:00:00', NULL),
       (3, 'RATING', 110, '2025-01-01 00:00:00', '2025-01-01 00:00:00', NULL),
       (3, 'RATING', 69, '2025-01-08 00:00:00', '2025-01-08 00:00:00', NULL),
       (3, 'RATING', 46, '2025-01-15 00:00:00', '2025-01-15 00:00:00', NULL),
       (3, 'RATING', 52, '2025-01-22 00:00:00', '2025-01-22 00:00:00', NULL),
       (3, 'RATING', 41, '2025-01-29 00:00:00', '2025-01-29 00:00:00', NULL),
       (3, 'RATING', 77, '2025-02-05 00:00:00', '2025-02-05 00:00:00', NULL),
       (3, 'RATING', 40, '2025-02-12 00:00:00', '2025-02-12 00:00:00', NULL),
       (3, 'RATING', 15, '2025-02-19 00:00:00', '2025-02-19 00:00:00', NULL),
       (3, 'RATING', 38, '2025-02-26 00:00:00', '2025-02-26 00:00:00', NULL),
       (3, 'RATING', 24, '2025-03-05 00:00:00', '2025-03-05 00:00:00', NULL),
       (3, 'RATING', 27, '2025-03-12 00:00:00', '2025-03-12 00:00:00', NULL),
       (3, 'RATING', 53, '2025-03-19 00:00:00', '2025-03-19 00:00:00', NULL),
       (3, 'RATING', 15, '2025-03-26 00:00:00', '2025-03-26 00:00:00', NULL),
       (3, 'RATING', 24, '2025-04-02 00:00:00', '2025-04-02 00:00:00', NULL),
       (3, 'RATING', 30, '2025-04-09 00:00:00', '2025-04-09 00:00:00', NULL),
       (3, 'RATING', 24, '2025-04-16 00:00:00', '2025-04-16 00:00:00', NULL),
       (3, 'RATING', 46, '2025-04-23 00:00:00', '2025-04-23 00:00:00', NULL),
       (3, 'RATING', 37, '2025-04-30 00:00:00', '2025-04-30 00:00:00', NULL),
       (3, 'RATING', 1, '2025-05-07 00:00:00', '2025-05-07 00:00:00', NULL),
       (3, 'RATING', 6, '2025-05-14 00:00:00', '2025-05-14 00:00:00', NULL),
       (3, 'RATING', 2, '2025-05-21 00:00:00', '2025-05-21 00:00:00', NULL),
       (3, 'RATING', 36, '2025-05-28 00:00:00', '2025-05-28 00:00:00', NULL),
       (3, 'RATING', 5, '2025-06-04 00:00:00', '2025-06-04 00:00:00', NULL),
       (3, 'RATING', 32, '2025-06-11 00:00:00', '2025-06-11 00:00:00', NULL),
       (3, 'RATING', 1, '2025-06-18 00:00:00', '2025-06-18 00:00:00', NULL),
       (3, 'RATING', 23, '2025-06-25 00:00:00', '2025-06-25 00:00:00', NULL),
       (3, 'RATING', 5, '2025-07-02 00:00:00', '2025-07-02 00:00:00', NULL),
       (3, 'RATING', 1, '2025-07-09 00:00:00', '2025-07-09 00:00:00', NULL),
       (3, 'RATING', 35, '2025-07-16 00:00:00', '2025-07-16 00:00:00', NULL),
       (3, 'RATING', 16, '2025-07-23 00:00:00', '2025-07-23 00:00:00', NULL);

INSERT INTO videos (video_id,
                    user_id,
                    file_size,
                    original_s3_url,
                    hls_s3_url,
                    thumbnail_s3_url,
                    hls_cdn_url,
                    thumbnail_cdn_url,
                    duration_seconds,
                    job_id,
                    status,
                    processed_at,
                    created_at,
                    updated_at,
                    deleted_at)
VALUES ((UNHEX(REPLACE("3f06af63-a93c-11e4-9797-00505690773f", "-", ""))), 2, 12345678,
        'https://example.com/video1.mp4', 'https://example.com/video1.m3u8',
        'https://example.com/video1_thumbnail.jpg', 'https://cdn.example.com/video1.m3u8',
        'https://cdn.example.com/video1_thumbnail.jpg', 300, 'job123', 'COMPLETED',
        CURRENT_TIMESTAMP, CURRENT_TIMESTAMP, CURRENT_TIMESTAMP, NULL),
       ((UNHEX(REPLACE("3f06af63-a93c-22e4-9737-00505690473f", "-", ""))), 2, 23456789,
        'https://example.com/video2.mp4', 'https://example.com/video2.m3u8',
        'https://example.com/video2_thumbnail.jpg', 'https://cdn.example.com/video2.m3u8',
        'https://cdn.example.com/video2_thumbnail.jpg', 600, 'job456', 'COMPLETED',
        CURRENT_TIMESTAMP, CURRENT_TIMESTAMP, CURRENT_TIMESTAMP, NULL),
       ((UNHEX(REPLACE("3f06af63-a93c-33e4-9737-00505690473f", "-", ""))), 3, 34567890,
        'https://example.com/video3.mp4', 'https://example.com/video3.m3u8',
        'https://example.com/video3_thumbnail.jpg', 'https://cdn.example.com/video3.m3u8',
        'https://cdn.example.com/video3_thumbnail.jpg', 900, 'job789', 'COMPLETED',
        CURRENT_TIMESTAMP, CURRENT_TIMESTAMP, CURRENT_TIMESTAMP, NULL),
       ((UNHEX(REPLACE("3f06af63-a93c-44e4-9737-00505690473f", "-", ""))), 2, 45678901,
        'https://example.com/video4.mp4', 'https://example.com/video4.m3u8',
        'https://example.com/video4_thumbnail.jpg', 'https://cdn.example.com/video4.m3u8',
        'https://cdn.example.com/video4_thumbnail.jpg', 1200, 'job101', 'COMPLETED',
        CURRENT_TIMESTAMP, CURRENT_TIMESTAMP, CURRENT_TIMESTAMP, NULL);

INSERT INTO submissions (video_id,
                         problem_id,
                         status,
                         reject_reason,
                         appeal_content,
                         appeal_status,
                         created_at,
                         updated_at,
                         deleted_at)
VALUES ((UNHEX(REPLACE("3f06af63-a93c-11e4-9797-00505690773f", "-", ""))),
        (UNHEX(REPLACE("550e8400-e29b-41d4-a716-446655440001", "-", ""))), 'ACCEPTED', NULL,
        NULL, NULL,
        CURRENT_TIMESTAMP, CURRENT_TIMESTAMP, NULL),
       ((UNHEX(REPLACE("3f06af63-a93c-22e4-9737-00505690473f", "-", ""))),
        (UNHEX(REPLACE("550e8400-e29b-41d4-a716-446655440002", "-", ""))), 'REJECTED',
        'Incorrect solution',
        NULL, NULL,
        CURRENT_TIMESTAMP, CURRENT_TIMESTAMP, NULL),
       ((UNHEX(REPLACE("3f06af63-a93c-33e4-9737-00505690473f", "-", ""))),
        (UNHEX(REPLACE("550e8400-e29b-41d4-a716-446655440003", "-", ""))), 'PENDING', NULL,
        NULL, NULL,
        CURRENT_TIMESTAMP, CURRENT_TIMESTAMP, NULL);


COMMIT;