INSERT INTO user_accounts (role,
                           nickname,
                           status_message,
                           profile_image_url,
                           last_login_date,
                           created_at,
                           updated_at,
                           deleted_at)
VALUES ('ADMIN', 'admin', '관리자 계정', NULL, CURRENT_DATE, CURRENT_TIMESTAMP, CURRENT_TIMESTAMP, NULL),
       ('USER', 'alice', '안녕하세요, Alice입니다!', '/images/alice.png', CURRENT_DATE, CURRENT_TIMESTAMP,
        CURRENT_TIMESTAMP, NULL),
       ('USER', 'bob', 'Bob the builder', NULL, CURRENT_DATE, CURRENT_TIMESTAMP, CURRENT_TIMESTAMP,
        NULL);

INSERT INTO user_stats (user_id,
                        rating,
                        current_streak,
                        longest_streak,
                        solved_problems_count,
                        rival_count,
                        created_at,
                        updated_at,
                        deleted_at)
VALUES (1, 2500, 10, 15, 200, 5, CURRENT_TIMESTAMP, CURRENT_TIMESTAMP, NULL),
       (2, 1500, 3, 8, 75, 2, CURRENT_TIMESTAMP, CURRENT_TIMESTAMP, NULL),
       (3, 1200, 0, 0, 10, 0, CURRENT_TIMESTAMP, CURRENT_TIMESTAMP, NULL);
-- Gyms
INSERT INTO gyms (name,
                  latitude,
                  longitude,
                  address,
                  phone_number,
                  map_2d_url,
                  created_at,
                  updated_at)
VALUES ('더클라임 클라이밍 B 홍대점', 37.5546882, 126.9202997, '서울 마포구 양화로 125 경남관광빌딩', '02-332-5014',
        'http://fake-url', CURRENT_TIMESTAMP, CURRENT_TIMESTAMP),
       ('더클라임 클라이밍 일산점', 37.6507188, 126.7788853, '경기 고양시 일산동구 중앙로 1160 5층 더클라임', '031-905-5014',
        'http://fake-url', CURRENT_TIMESTAMP, CURRENT_TIMESTAMP),
       ('더클라임 클라이밍 마곡점', 37.5606786, 126.8337683, '서울 강서구 마곡동로 62 마곡사이언스타워 7층', '02-2668-5014',
        'http://fake-url', CURRENT_TIMESTAMP, CURRENT_TIMESTAMP),
       ('더클라임 클라이밍 양재점', 37.4851386, 127.0358583, '서울 강남구 남부순환로 2615 지하1층', '02-576-8821',
        'http://fake-url', CURRENT_TIMESTAMP, CURRENT_TIMESTAMP),
       ('더클라임 클라이밍 신림점', 37.4821999, 126.928909, '서울 관악구 신원로 35 삼모더프라임타워 5층', '02-877-8821',
        'http://fake-url', CURRENT_TIMESTAMP, CURRENT_TIMESTAMP),
       ('더클라임 클라이밍 연남점', 37.5576629, 126.9257955, '서울 마포구 양화로 186 3층', '02-2088-5071',
        'http://fake-url', CURRENT_TIMESTAMP, CURRENT_TIMESTAMP),
       ('더클라임 클라이밍 강남점', 37.4975157, 127.0319786, '서울 강남구 테헤란로8길 21 화인강남빌딩 B1층', '02-566-8821',
        'http://fake-url', CURRENT_TIMESTAMP, CURRENT_TIMESTAMP),
       ('더클라임 클라이밍 사당점', 37.4743761, 126.9814529, '서울 관악구 과천대로 939 지층 B201호', '02-585-8821',
        'http://fake-url', CURRENT_TIMESTAMP, CURRENT_TIMESTAMP),
       ('더클라임 클라이밍 신사점', 37.521096, 127.019134, '서울 강남구 압구정로2길 6 지하2층', '02-549-8821',
        'http://fake-url', CURRENT_TIMESTAMP, CURRENT_TIMESTAMP),
       ('더클라임 클라이밍 논현점', 37.5082918, 127.0222621, '서울 서초구 강남대로 519 지하1층', '02-545-5014',
        'http://fake-url', CURRENT_TIMESTAMP, CURRENT_TIMESTAMP),
       ('더클라임 클라이밍 문래점', 37.5206605, 126.8950132, '서울 영등포구 당산로 63 1동', '02-3667-5014',
        'http://fake-url', CURRENT_TIMESTAMP, CURRENT_TIMESTAMP),
       ('더클라임 클라이밍 이수점', 37.4818365, 126.981545, '서울 동작구 동작대로 59 지하1층', '02-588-5014',
        'http://fake-url', CURRENT_TIMESTAMP, CURRENT_TIMESTAMP),
       ('더클라임 클라이밍 성수점', 37.5463876, 127.0650498, '서울 성동구 아차산로17길 49 생각공장 데시앙플렉스 B1층',
        '02-499-5014', 'http://fake-url', CURRENT_TIMESTAMP, CURRENT_TIMESTAMP);


-- 65 Problems (5 per gym)
INSERT INTO problems (gym_id,
                      local_level,
                      hold_color,
                      problem_rating,
                      spot_id,
                      spot_x_ratio,
                      spot_y_ratio,
                      image_url,
                      created_at,
                      updated_at,
                      deleted_at)
VALUES
-- 더클라임 클라이밍 B 홍대점 (gym_id: 1)
(1, '빨강', '초록', 142, 1, 15.5, 20.3, 'https://example.com/problem1.jpg', CURRENT_TIMESTAMP,
 CURRENT_TIMESTAMP, NULL),
(1, '파랑', '파랑', 876, 1, 45.2, 35.7, 'https://example.com/problem2.jpg', CURRENT_TIMESTAMP,
 CURRENT_TIMESTAMP, NULL),
(1, '초록', '노랑', 1542, 1, 75.8, 60.1, 'https://example.com/problem3.jpg', CURRENT_TIMESTAMP,
 CURRENT_TIMESTAMP, NULL),
(1, '빨강', '초록', 89, 2, 25.0, 80.5, 'https://example.com/problem4.jpg', CURRENT_TIMESTAMP,
 CURRENT_TIMESTAMP, NULL),
(1, '파랑', '보라', 1234, 2, 65.3, 40.9, 'https://example.com/problem5.jpg', CURRENT_TIMESTAMP,
 CURRENT_TIMESTAMP, NULL),

-- 더클라임 클라이밍 일산점 (gym_id: 2)
(2, '빨강', '빨강', 234, 6, 30.7, 25.4, 'https://example.com/problem6.jpg', CURRENT_TIMESTAMP,
 CURRENT_TIMESTAMP, NULL),
(2, '파랑', '파랑', 1567, 7, 55.1, 50.8, 'https://example.com/problem7.jpg', CURRENT_TIMESTAMP,
 CURRENT_TIMESTAMP, NULL),
(2, '초록', '노랑', 2345, 8, 85.9, 70.2, 'https://example.com/problem8.jpg', CURRENT_TIMESTAMP,
 CURRENT_TIMESTAMP, NULL),
(2, '빨강', '초록', 178, 9, 20.4, 15.6, 'https://example.com/problem9.jpg', CURRENT_TIMESTAMP,
 CURRENT_TIMESTAMP, NULL),
(2, '파랑', '보라', 987, 10, 60.8, 45.3, 'https://example.com/problem10.jpg', CURRENT_TIMESTAMP,
 CURRENT_TIMESTAMP, NULL),

-- 더클라임 클라이밍 마곡점 (gym_id: 3)
(3, '빨강', '빨강', 67, 11, 40.2, 30.7, 'https://example.com/problem11.jpg', CURRENT_TIMESTAMP,
 CURRENT_TIMESTAMP, NULL),
(3, '파랑', '파랑', 1456, 12, 70.5, 55.1, 'https://example.com/problem12.jpg', CURRENT_TIMESTAMP,
 CURRENT_TIMESTAMP, NULL),
(3, '초록', '노랑', 2789, 13, 90.3, 75.8, 'https://example.com/problem13.jpg', CURRENT_TIMESTAMP,
 CURRENT_TIMESTAMP, NULL),
(3, '빨강', '초록', 45, 14, 10.9, 20.4, 'https://example.com/problem14.jpg', CURRENT_TIMESTAMP,
 CURRENT_TIMESTAMP, NULL),
(3, '파랑', '보라', 1123, 15, 50.6, 40.2, 'https://example.com/problem15.jpg', CURRENT_TIMESTAMP,
 CURRENT_TIMESTAMP, NULL),

-- 더클라임 클라이밍 양재점 (gym_id: 4)
(4, '빨강', '빨강', 345, 16, 35.4, 25.9, 'https://example.com/problem16.jpg', CURRENT_TIMESTAMP,
 CURRENT_TIMESTAMP, NULL),
(4, '파랑', '파랑', 1234, 17, 65.7, 50.3, 'https://example.com/problem17.jpg', CURRENT_TIMESTAMP,
 CURRENT_TIMESTAMP, NULL),
(4, '초록', '노랑', 2156, 18, 95.1, 80.7, 'https://example.com/problem18.jpg', CURRENT_TIMESTAMP,
 CURRENT_TIMESTAMP, NULL),
(4, '빨강', '초록', 123, 19, 15.8, 10.2, 'https://example.com/problem19.jpg', CURRENT_TIMESTAMP,
 CURRENT_TIMESTAMP, NULL),
(4, '파랑', '보라', 845, 20, 55.2, 35.6, 'https://example.com/problem20.jpg', CURRENT_TIMESTAMP,
 CURRENT_TIMESTAMP, NULL),

-- 더클라임 클라이밍 신림점 (gym_id: 5)
(5, '빨강', '빨강', 78, 21, 42.8, 28.1, 'https://example.com/problem21.jpg', CURRENT_TIMESTAMP,
 CURRENT_TIMESTAMP, NULL),
(5, '파랑', '파랑', 1678, 22, 72.3, 53.5, 'https://example.com/problem22.jpg', CURRENT_TIMESTAMP,
 CURRENT_TIMESTAMP, NULL),
(5, '초록', '노랑', 2543, 23, 88.7, 78.2, 'https://example.com/problem23.jpg', CURRENT_TIMESTAMP,
 CURRENT_TIMESTAMP, NULL),
(5, '빨강', '초록', 23, 24, 18.4, 12.9, 'https://example.com/problem24.jpg', CURRENT_TIMESTAMP,
 CURRENT_TIMESTAMP, NULL),
(5, '파랑', '보라', 1345, 25, 58.1, 43.6, 'https://example.com/problem25.jpg', CURRENT_TIMESTAMP,
 CURRENT_TIMESTAMP, NULL),

-- 더클라임 클라이밍 연남점 (gym_id: 6)
(6, '빨강', '빨강', 456, 26, 33.6, 23.8, 'https://example.com/problem26.jpg', CURRENT_TIMESTAMP,
 CURRENT_TIMESTAMP, NULL),
(6, '파랑', '파랑', 1098, 27, 63.4, 48.7, 'https://example.com/problem27.jpg', CURRENT_TIMESTAMP,
 CURRENT_TIMESTAMP, NULL),
(6, '초록', '노랑', 1987, 28, 93.2, 73.4, 'https://example.com/problem28.jpg', CURRENT_TIMESTAMP,
 CURRENT_TIMESTAMP, NULL),
(6, '빨강', '초록', 267, 29, 13.5, 18.1, 'https://example.com/problem29.jpg', CURRENT_TIMESTAMP,
 CURRENT_TIMESTAMP, NULL),
(6, '파랑', '보라', 765, 30, 53.8, 38.9, 'https://example.com/problem30.jpg', CURRENT_TIMESTAMP,
 CURRENT_TIMESTAMP, NULL),

-- 더클라임 클라이밍 강남점 (gym_id: 7)
(7, '빨강', '빨강', 156, 31, 28.9, 33.2, 'https://example.com/problem31.jpg', CURRENT_TIMESTAMP,
 CURRENT_TIMESTAMP, NULL),
(7, '파랑', '파랑', 1789, 32, 58.7, 58.4, 'https://example.com/problem32.jpg', CURRENT_TIMESTAMP,
 CURRENT_TIMESTAMP, NULL),
(7, '초록', '노랑', 2698, 33, 88.5, 83.6, 'https://example.com/problem33.jpg', CURRENT_TIMESTAMP,
 CURRENT_TIMESTAMP, NULL),
(7, '빨강', '초록', 34, 34, 8.3, 8.7, 'https://example.com/problem34.jpg', CURRENT_TIMESTAMP,
 CURRENT_TIMESTAMP, NULL),
(7, '파랑', '보라', 1456, 35, 48.1, 33.9, 'https://example.com/problem35.jpg', CURRENT_TIMESTAMP,
 CURRENT_TIMESTAMP, NULL),

-- 더클라임 클라이밍 사당점 (gym_id: 8)
(8, '빨강', '빨강', 389, 36, 38.4, 28.5, 'https://example.com/problem36.jpg', CURRENT_TIMESTAMP,
 CURRENT_TIMESTAMP, NULL),
(8, '파랑', '파랑', 1298, 37, 68.2, 53.7, 'https://example.com/problem37.jpg', CURRENT_TIMESTAMP,
 CURRENT_TIMESTAMP, NULL),
(8, '초록', '노랑', 2134, 38, 98.0, 78.9, 'https://example.com/problem38.jpg', CURRENT_TIMESTAMP,
 CURRENT_TIMESTAMP, NULL),
(8, '빨강', '초록', 198, 39, 18.7, 13.2, 'https://example.com/problem39.jpg', CURRENT_TIMESTAMP,
 CURRENT_TIMESTAMP, NULL),
(8, '파랑', '보라', 934, 40, 58.5, 38.4, 'https://example.com/problem40.jpg', CURRENT_TIMESTAMP,
 CURRENT_TIMESTAMP, NULL),

-- 더클라임 클라이밍 신사점 (gym_id: 9)
(9, '빨강', '빨강', 89, 41, 23.7, 18.4, 'https://example.com/problem41.jpg', CURRENT_TIMESTAMP,
 CURRENT_TIMESTAMP, NULL),
(9, '파랑', '파랑', 1567, 42, 53.9, 43.8, 'https://example.com/problem42.jpg', CURRENT_TIMESTAMP,
 CURRENT_TIMESTAMP, NULL),
(9, '초록', '노랑', 2756, 43, 83.6, 68.5, 'https://example.com/problem43.jpg', CURRENT_TIMESTAMP,
 CURRENT_TIMESTAMP, NULL),
(9, '빨강', '초록', 12, 44, 3.8, 3.2, 'https://example.com/problem44.jpg', CURRENT_TIMESTAMP,
 CURRENT_TIMESTAMP, NULL),
(9, '파랑', '보라', 1234, 45, 43.5, 28.7, 'https://example.com/problem45.jpg', CURRENT_TIMESTAMP,
 CURRENT_TIMESTAMP, NULL),

-- 더클라임 클라이밍 논현점 (gym_id: 10)
(10, '빨강', '빨강', 467, 46, 47.2, 32.1, 'https://example.com/problem46.jpg', CURRENT_TIMESTAMP,
 CURRENT_TIMESTAMP, NULL),
(10, '파랑', '파랑', 1123, 47, 77.8, 57.3, 'https://example.com/problem47.jpg', CURRENT_TIMESTAMP,
 CURRENT_TIMESTAMP, NULL),
(10, '초록', '노랑', 2087, 48, 92.4, 82.6, 'https://example.com/problem48.jpg', CURRENT_TIMESTAMP,
 CURRENT_TIMESTAMP, NULL),
(10, '빨강', '초록', 234, 49, 27.6, 7.9, 'https://example.com/problem49.jpg', CURRENT_TIMESTAMP,
 CURRENT_TIMESTAMP, NULL),
(10, '파랑', '보라', 856, 50, 67.1, 42.8, 'https://example.com/problem50.jpg', CURRENT_TIMESTAMP,
 CURRENT_TIMESTAMP, NULL),

-- 더클라임 클라이밍 문래점 (gym_id: 11)
(11, '빨강', '빨강', 156, 51, 32.4, 27.6, 'https://example.com/problem51.jpg', CURRENT_TIMESTAMP,
 CURRENT_TIMESTAMP, NULL),
(11, '파랑', '파랑', 1789, 52, 62.7, 52.9, 'https://example.com/problem52.jpg', CURRENT_TIMESTAMP,
 CURRENT_TIMESTAMP, NULL),
(11, '초록', '노랑', 2901, 53, 87.1, 77.4, 'https://example.com/problem53.jpg', CURRENT_TIMESTAMP,
 CURRENT_TIMESTAMP, NULL),
(11, '빨강', '초록', 56, 54, 12.8, 2.1, 'https://example.com/problem54.jpg', CURRENT_TIMESTAMP,
 CURRENT_TIMESTAMP, NULL),
(11, '파랑', '보라', 1456, 55, 52.3, 37.6, 'https://example.com/problem55.jpg', CURRENT_TIMESTAMP,
 CURRENT_TIMESTAMP, NULL),

-- 더클라임 클라이밍 이수점 (gym_id: 12)
(12, '빨강', '빨강', 423, 56, 41.9, 34.2, 'https://example.com/problem56.jpg', CURRENT_TIMESTAMP,
 CURRENT_TIMESTAMP, NULL),
(12, '파랑', '파랑', 1345, 57, 71.5, 59.7, 'https://example.com/problem57.jpg', CURRENT_TIMESTAMP,
 CURRENT_TIMESTAMP, NULL),
(12, '초록', '노랑', 2234, 58, 96.8, 84.1, 'https://example.com/problem58.jpg', CURRENT_TIMESTAMP,
 CURRENT_TIMESTAMP, NULL),
(12, '빨강', '초록', 289, 59, 21.2, 9.4, 'https://example.com/problem59.jpg', CURRENT_TIMESTAMP,
 CURRENT_TIMESTAMP, NULL),
(12, '파랑', '보라', 978, 60, 61.6, 44.8, 'https://example.com/problem60.jpg', CURRENT_TIMESTAMP,
 CURRENT_TIMESTAMP, NULL),

-- 더클라임 클라이밍 성수점 (gym_id: 13)
(13, '빨강', '빨강', 101, 61, 36.3, 31.5, 'https://example.com/problem61.jpg', CURRENT_TIMESTAMP,
 CURRENT_TIMESTAMP, NULL),
(13, '파랑', '파랑', 1678, 62, 66.9, 56.8, 'https://example.com/problem62.jpg', CURRENT_TIMESTAMP,
 CURRENT_TIMESTAMP, NULL),
(13, '초록', '노랑', 2987, 63, 91.7, 81.3, 'https://example.com/problem63.jpg', CURRENT_TIMESTAMP,
 CURRENT_TIMESTAMP, NULL),
(13, '빨강', '초록', 1, 64, 1.4, 6.7, 'https://example.com/problem64.jpg', CURRENT_TIMESTAMP,
 CURRENT_TIMESTAMP, NULL),
(13, '파랑', '보라', 1567, 65, 56.8, 41.2, 'https://example.com/problem65.jpg', CURRENT_TIMESTAMP,
 CURRENT_TIMESTAMP, NULL);


-- 1 Admin Video, 23 Alice Videos, 17 Bob Videos
INSERT INTO videos (user_id,
                    created_at,
                    updated_at,
                    deleted_at)
VALUES (1, CURRENT_TIMESTAMP, CURRENT_TIMESTAMP, NULL),
       (2, CURRENT_TIMESTAMP, CURRENT_TIMESTAMP, NULL),
       (2, CURRENT_TIMESTAMP, CURRENT_TIMESTAMP, NULL),
       (2, CURRENT_TIMESTAMP, CURRENT_TIMESTAMP, NULL),
       (2, CURRENT_TIMESTAMP, CURRENT_TIMESTAMP, NULL),
       (2, CURRENT_TIMESTAMP, CURRENT_TIMESTAMP, NULL),
       (2, CURRENT_TIMESTAMP, CURRENT_TIMESTAMP, NULL),
       (2, CURRENT_TIMESTAMP, CURRENT_TIMESTAMP, NULL),
       (2, CURRENT_TIMESTAMP, CURRENT_TIMESTAMP, NULL),
       (2, CURRENT_TIMESTAMP, CURRENT_TIMESTAMP, NULL),
       (2, CURRENT_TIMESTAMP, CURRENT_TIMESTAMP, NULL),
       (2, CURRENT_TIMESTAMP, CURRENT_TIMESTAMP, NULL),
       (2, CURRENT_TIMESTAMP, CURRENT_TIMESTAMP, NULL),
       (2, CURRENT_TIMESTAMP, CURRENT_TIMESTAMP, NULL),
       (2, CURRENT_TIMESTAMP, CURRENT_TIMESTAMP, NULL),
       (2, CURRENT_TIMESTAMP, CURRENT_TIMESTAMP, NULL),
       (2, CURRENT_TIMESTAMP, CURRENT_TIMESTAMP, NULL),
       (2, CURRENT_TIMESTAMP, CURRENT_TIMESTAMP, NULL),
       (2, CURRENT_TIMESTAMP, CURRENT_TIMESTAMP, NULL),
       (2, CURRENT_TIMESTAMP, CURRENT_TIMESTAMP, NULL),
       (2, CURRENT_TIMESTAMP, CURRENT_TIMESTAMP, NULL),
       (2, CURRENT_TIMESTAMP, CURRENT_TIMESTAMP, NULL),
       (2, CURRENT_TIMESTAMP, CURRENT_TIMESTAMP, NULL),
       (2, CURRENT_TIMESTAMP, CURRENT_TIMESTAMP, NULL),
       (3, CURRENT_TIMESTAMP, CURRENT_TIMESTAMP, NULL),
       (3, CURRENT_TIMESTAMP, CURRENT_TIMESTAMP, NULL),
       (3, CURRENT_TIMESTAMP, CURRENT_TIMESTAMP, NULL),
       (3, CURRENT_TIMESTAMP, CURRENT_TIMESTAMP, NULL),
       (3, CURRENT_TIMESTAMP, CURRENT_TIMESTAMP, NULL),
       (3, CURRENT_TIMESTAMP, CURRENT_TIMESTAMP, NULL),
       (3, CURRENT_TIMESTAMP, CURRENT_TIMESTAMP, NULL),
       (3, CURRENT_TIMESTAMP, CURRENT_TIMESTAMP, NULL),
       (3, CURRENT_TIMESTAMP, CURRENT_TIMESTAMP, NULL),
       (3, CURRENT_TIMESTAMP, CURRENT_TIMESTAMP, NULL),
       (3, CURRENT_TIMESTAMP, CURRENT_TIMESTAMP, NULL),
       (3, CURRENT_TIMESTAMP, CURRENT_TIMESTAMP, NULL),
       (3, CURRENT_TIMESTAMP, CURRENT_TIMESTAMP, NULL),
       (3, CURRENT_TIMESTAMP, CURRENT_TIMESTAMP, NULL),
       (3, CURRENT_TIMESTAMP, CURRENT_TIMESTAMP, NULL),
       (3, CURRENT_TIMESTAMP, CURRENT_TIMESTAMP, NULL),
       (3, CURRENT_TIMESTAMP, CURRENT_TIMESTAMP, NULL);

-- 41 Submissions
INSERT INTO submissions (video_id,
                         problem_id,
                         status,
                         reject_reason,
                         appeal_status,
                         created_at,
                         updated_at,
                         deleted_at)
VALUES
    -- 39 ACCEPTED
    (1, 4, 'ACCEPTED', NULL, 'PENDING', '2025-01-10 08:15:00', '2025-01-10 08:15:00', NULL),
    (2, 16, 'ACCEPTED', NULL, 'PENDING', '2025-01-15 14:30:00', '2025-01-15 14:30:00', NULL),
    (3, 1, 'ACCEPTED', NULL, 'PENDING', '2025-02-05 11:00:00', '2025-02-05 11:00:00', NULL),
    (4, 4, 'ACCEPTED', NULL, 'PENDING', '2025-02-20 16:45:00', '2025-02-20 16:45:00', NULL),
    (5, 5, 'ACCEPTED', NULL, 'PENDING', '2025-03-01 09:20:00', '2025-03-01 09:20:00', NULL),
    (6, 14, 'ACCEPTED', NULL, 'PENDING', '2025-03-18 13:55:00', '2025-03-18 13:55:00', NULL),
    (7, 11, 'REJECTED', 'WRONG PROBLEM', 'PENDING', '2025-04-10 10:10:00', '2025-04-10 10:10:00',
     NULL),
    (8, 5, 'ACCEPTED', NULL, 'PENDING', '2025-04-25 17:05:00', '2025-04-25 17:05:00', NULL),
    (9, 6, 'ACCEPTED', NULL, 'PENDING', '2025-05-07 12:00:00', '2025-05-07 12:00:00', NULL),
    (10, 15, 'ACCEPTED', NULL, 'PENDING', '2025-05-22 15:30:00', '2025-05-22 15:30:00', NULL),
    (11, 8, 'ACCEPTED', NULL, 'PENDING', '2025-06-02 09:45:00', '2025-06-02 09:45:00', NULL),
    (12, 11, 'ACCEPTED', NULL, 'PENDING', '2025-06-18 14:15:00', '2025-06-18 14:15:00', NULL),
    (13, 6, 'ACCEPTED', NULL, 'PENDING', '2025-07-03 11:25:00', '2025-07-03 11:25:00', NULL),
    (14, 11, 'PENDING', NULL, 'PENDING', '2025-07-19 16:00:00', '2025-07-19 16:00:00', NULL),
    (15, 12, 'ACCEPTED', NULL, 'PENDING', '2025-08-05 08:00:00', '2025-08-05 08:00:00', NULL),
    (16, 15, 'ACCEPTED', NULL, 'PENDING', '2025-08-20 13:35:00', '2025-08-20 13:35:00', NULL),
    (17, 3, 'ACCEPTED', NULL, 'PENDING', '2025-09-11 21:12:41', '2025-09-11 21:12:41', NULL),
    (18, 5, 'ACCEPTED', NULL, 'PENDING', '2025-11-22 07:07:27', '2025-11-22 07:07:27', NULL),
    (19, 6, 'ACCEPTED', NULL, 'PENDING', '2025-09-17 18:49:06', '2025-09-17 18:49:06', NULL),
    (20, 15, 'PENDING', NULL, 'PENDING', '2025-11-10 18:47:02', '2025-11-10 18:47:02', NULL),
    (21, 8, 'ACCEPTED', NULL, 'PENDING', '2025-09-16 03:43:59', '2025-09-16 03:43:59', NULL),
    (22, 16, 'ACCEPTED', NULL, 'PENDING', '2025-06-18 21:18:02', '2025-06-18 21:18:02', NULL),
    (23, 6, 'PENDING', NULL, 'PENDING', '2025-04-03 13:20:13', '2025-04-03 13:20:13', NULL),
    (24, 11, 'ACCEPTED', NULL, 'PENDING', '2025-12-04 05:59:17', '2025-12-04 05:59:17', NULL),
    (25, 12, 'ACCEPTED', NULL, 'PENDING', '2025-10-22 16:59:53', '2025-10-22 16:59:53', NULL),
    (26, 1, 'ACCEPTED', NULL, 'PENDING', '2025-09-19 03:22:40', '2025-09-19 03:22:40', NULL),
    (27, 16, 'ACCEPTED', NULL, 'PENDING', '2025-10-16 19:49:34', '2025-10-16 19:49:34', NULL),
    (28, 15, 'ACCEPTED', NULL, 'PENDING', '2025-03-29 04:46:03', '2025-03-29 04:46:03', NULL),
    (29, 1, 'ACCEPTED', NULL, 'PENDING', '2025-11-26 21:28:35', '2025-11-26 21:28:35', NULL),
    (30, 7, 'ACCEPTED', NULL, 'PENDING', '2025-05-21 23:52:36', '2025-05-21 23:52:36', NULL),
    (31, 1, 'ACCEPTED', NULL, 'PENDING', '2025-07-31 08:26:29', '2025-07-31 08:26:29', NULL),
    (32, 5, 'ACCEPTED', NULL, 'PENDING', '2025-07-25 10:40:59', '2025-07-25 10:40:59', NULL),
    (33, 7, 'ACCEPTED', NULL, 'PENDING', '2025-12-06 15:46:22', '2025-12-06 15:46:22', NULL),
    (34, 9, 'ACCEPTED', NULL, 'PENDING', '2025-06-23 13:20:03', '2025-06-23 13:20:03', NULL),
    (35, 15, 'ACCEPTED', NULL, 'PENDING', '2025-03-23 06:53:59', '2025-03-23 06:53:59', NULL),
    (36, 14, 'ACCEPTED', NULL, 'PENDING', '2025-08-12 19:05:15', '2025-08-12 19:05:15', NULL),
    (37, 9, 'ACCEPTED', NULL, 'PENDING', '2025-10-30 16:39:36', '2025-10-30 16:39:36', NULL),
    (38, 9, 'ACCEPTED', NULL, 'PENDING', '2025-04-14 06:14:07', '2025-04-14 06:14:07', NULL),
    (39, 14, 'ACCEPTED', NULL, 'PENDING', '2025-02-02 09:40:15', '2025-02-02 09:40:15', NULL),
    (40, 9, 'ACCEPTED', NULL, 'PENDING', '2025-11-28 03:50:29', '2025-11-28 03:50:29', NULL),
    (41, 16, 'ACCEPTED', NULL, 'PENDING', '2025-10-16 19:49:34', '2025-10-16 19:49:34', NULL);

INSERT INTO user_ranking_histories (user_id,
                                    part,
                                    value,
                                    created_at,
                                    updated_at,
                                    deleted_at)
VALUES (1, 'RATING', 2500, CURRENT_TIMESTAMP, CURRENT_TIMESTAMP, NULL),
       (2, 'RATING', 1, '2025-01-01 00:00:00', '2025-01-01 00:00:00', NULL),
       (2, 'RATING', 1947, '2025-01-08 00:00:00', '2025-01-08 00:00:00', NULL),
       (2, 'RATING', 3432, '2025-01-15 00:00:00', '2025-01-15 00:00:00', NULL),
       (2, 'RATING', 4167, '2025-01-22 00:00:00', '2025-01-22 00:00:00', NULL),
       (2, 'RATING', 4648, '2025-01-29 00:00:00', '2025-01-29 00:00:00', NULL),
       (2, 'RATING', 5425, '2025-02-05 00:00:00', '2025-02-05 00:00:00', NULL),
       (2, 'RATING', 5843, '2025-02-12 00:00:00', '2025-02-12 00:00:00', NULL),
       (2, 'RATING', 6011, '2025-02-19 00:00:00', '2025-02-19 00:00:00', NULL),
       (2, 'RATING', 6496, '2025-02-26 00:00:00', '2025-02-26 00:00:00', NULL),
       (2, 'RATING', 6899, '2025-03-05 00:00:00', '2025-03-05 00:00:00', NULL),
       (2, 'RATING', 6915, '2025-03-12 00:00:00', '2025-03-12 00:00:00', NULL),
       (2, 'RATING', 7266, '2025-03-19 00:00:00', '2025-03-19 00:00:00', NULL),
       (2, 'RATING', 7689, '2025-03-26 00:00:00', '2025-03-26 00:00:00', NULL),
       (2, 'RATING', 7722, '2025-04-02 00:00:00', '2025-04-02 00:00:00', NULL),
       (2, 'RATING', 7983, '2025-04-09 00:00:00', '2025-04-09 00:00:00', NULL),
       (2, 'RATING', 8218, '2025-04-16 00:00:00', '2025-04-16 00:00:00', NULL),
       (2, 'RATING', 8371, '2025-04-23 00:00:00', '2025-04-23 00:00:00', NULL),
       (2, 'RATING', 8691, '2025-04-30 00:00:00', '2025-04-30 00:00:00', NULL),
       (2, 'RATING', 8686, '2025-05-07 00:00:00', '2025-05-07 00:00:00', NULL),
       (2, 'RATING', 8966, '2025-05-14 00:00:00', '2025-05-14 00:00:00', NULL),
       (2, 'RATING', 8838, '2025-05-21 00:00:00', '2025-05-21 00:00:00', NULL),
       (2, 'RATING', 9094, '2025-05-28 00:00:00', '2025-05-28 00:00:00', NULL),
       (2, 'RATING', 9213, '2025-06-04 00:00:00', '2025-06-04 00:00:00', NULL),
       (2, 'RATING', 9328, '2025-06-11 00:00:00', '2025-06-11 00:00:00', NULL),
       (2, 'RATING', 9482, '2025-06-18 00:00:00', '2025-06-18 00:00:00', NULL),
       (2, 'RATING', 9679, '2025-06-25 00:00:00', '2025-06-25 00:00:00', NULL),
       (2, 'RATING', 9687, '2025-07-02 00:00:00', '2025-07-02 00:00:00', NULL),
       (2, 'RATING', 9809, '2025-07-09 00:00:00', '2025-07-09 00:00:00', NULL),
       (2, 'RATING', 9971, '2025-07-16 00:00:00', '2025-07-16 00:00:00', NULL),
       (2, 'RATING', 10000, '2025-07-23 00:00:00', '2025-07-23 00:00:00', NULL),
       (3, 'RATING', 1, '2025-01-01 00:00:00', '2025-01-01 00:00:00', NULL),
       (3, 'RATING', 2052, '2025-01-08 00:00:00', '2025-01-08 00:00:00', NULL),
       (3, 'RATING', 3412, '2025-01-15 00:00:00', '2025-01-15 00:00:00', NULL),
       (3, 'RATING', 4282, '2025-01-22 00:00:00', '2025-01-22 00:00:00', NULL),
       (3, 'RATING', 4760, '2025-01-29 00:00:00', '2025-01-29 00:00:00', NULL),
       (3, 'RATING', 5226, '2025-02-05 00:00:00', '2025-02-05 00:00:00', NULL),
       (3, 'RATING', 5716, '2025-02-12 00:00:00', '2025-02-12 00:00:00', NULL),
       (3, 'RATING', 6298, '2025-02-19 00:00:00', '2025-02-19 00:00:00', NULL),
       (3, 'RATING', 6300, '2025-02-26 00:00:00', '2025-02-26 00:00:00', NULL),
       (3, 'RATING', 7026, '2025-03-05 00:00:00', '2025-03-05 00:00:00', NULL),
       (3, 'RATING', 7163, '2025-03-12 00:00:00', '2025-03-12 00:00:00', NULL),
       (3, 'RATING', 7355, '2025-03-19 00:00:00', '2025-03-19 00:00:00', NULL),
       (3, 'RATING', 7656, '2025-03-26 00:00:00', '2025-03-26 00:00:00', NULL),
       (3, 'RATING', 7676, '2025-04-02 00:00:00', '2025-04-02 00:00:00', NULL),
       (3, 'RATING', 7839, '2025-04-09 00:00:00', '2025-04-09 00:00:00', NULL),
       (3, 'RATING', 8236, '2025-04-16 00:00:00', '2025-04-16 00:00:00', NULL),
       (3, 'RATING', 8271, '2025-04-23 00:00:00', '2025-04-23 00:00:00', NULL),
       (3, 'RATING', 8477, '2025-04-30 00:00:00', '2025-04-30 00:00:00', NULL),
       (3, 'RATING', 8768, '2025-05-07 00:00:00', '2025-05-07 00:00:00', NULL),
       (3, 'RATING', 8822, '2025-05-14 00:00:00', '2025-05-14 00:00:00', NULL),
       (3, 'RATING', 8781, '2025-05-21 00:00:00', '2025-05-21 00:00:00', NULL),
       (3, 'RATING', 9007, '2025-05-28 00:00:00', '2025-05-28 00:00:00', NULL),
       (3, 'RATING', 9151, '2025-06-04 00:00:00', '2025-06-04 00:00:00', NULL),
       (3, 'RATING', 9785, '2025-06-11 00:00:00', '2025-06-11 00:00:00', NULL),
       (3, 'RATING', 9613, '2025-06-18 00:00:00', '2025-06-18 00:00:00', NULL),
       (3, 'RATING', 9465, '2025-06-25 00:00:00', '2025-06-25 00:00:00', NULL),
       (3, 'RATING', 9526, '2025-07-02 00:00:00', '2025-07-02 00:00:00', NULL),
       (3, 'RATING', 9876, '2025-07-09 00:00:00', '2025-07-09 00:00:00', NULL),
       (3, 'RATING', 9865, '2025-07-16 00:00:00', '2025-07-16 00:00:00', NULL),
       (3, 'RATING', 10000, '2025-07-23 00:00:00', '2025-07-23 00:00:00', NULL),
       (2, 'SOLVED_COUNT', 5, '2025-01-01 00:00:00', '2025-01-01 00:00:00', NULL),
       (2, 'SOLVED_COUNT', 43, '2025-01-08 00:00:00', '2025-01-08 00:00:00', NULL),
       (2, 'SOLVED_COUNT', 66, '2025-01-15 00:00:00', '2025-01-15 00:00:00', NULL),
       (2, 'SOLVED_COUNT', 82, '2025-01-22 00:00:00', '2025-01-22 00:00:00', NULL),
       (2, 'SOLVED_COUNT', 95, '2025-01-29 00:00:00', '2025-01-29 00:00:00', NULL),
       (2, 'SOLVED_COUNT', 110, '2025-02-05 00:00:00', '2025-02-05 00:00:00', NULL),
       (2, 'SOLVED_COUNT', 121, '2025-02-12 00:00:00', '2025-02-12 00:00:00', NULL),
       (2, 'SOLVED_COUNT', 123, '2025-02-19 00:00:00', '2025-02-19 00:00:00', NULL),
       (2, 'SOLVED_COUNT', 129, '2025-02-26 00:00:00', '2025-02-26 00:00:00', NULL),
       (2, 'SOLVED_COUNT', 134, '2025-03-05 00:00:00', '2025-03-05 00:00:00', NULL),
       (2, 'SOLVED_COUNT', 142, '2025-03-12 00:00:00', '2025-03-12 00:00:00', NULL),
       (2, 'SOLVED_COUNT', 146, '2025-03-19 00:00:00', '2025-03-19 00:00:00', NULL),
       (2, 'SOLVED_COUNT', 150, '2025-03-26 00:00:00', '2025-03-26 00:00:00', NULL),
       (2, 'SOLVED_COUNT', 155, '2025-04-02 00:00:00', '2025-04-02 00:00:00', NULL),
       (2, 'SOLVED_COUNT', 159, '2025-04-09 00:00:00', '2025-04-09 00:00:00', NULL),
       (2, 'SOLVED_COUNT', 163, '2025-04-16 00:00:00', '2025-04-16 00:00:00', NULL),
       (2, 'SOLVED_COUNT', 167, '2025-04-23 00:00:00', '2025-04-23 00:00:00', NULL),
       (2, 'SOLVED_COUNT', 174, '2025-04-30 00:00:00', '2025-04-30 00:00:00', NULL),
       (2, 'SOLVED_COUNT', 177, '2025-05-07 00:00:00', '2025-05-07 00:00:00', NULL),
       (2, 'SOLVED_COUNT', 177, '2025-05-14 00:00:00', '2025-05-14 00:00:00', NULL),
       (2, 'SOLVED_COUNT', 177, '2025-05-21 00:00:00', '2025-05-21 00:00:00', NULL),
       (2, 'SOLVED_COUNT', 184, '2025-05-28 00:00:00', '2025-05-28 00:00:00', NULL),
       (2, 'SOLVED_COUNT', 182, '2025-06-04 00:00:00', '2025-06-04 00:00:00', NULL),
       (2, 'SOLVED_COUNT', 188, '2025-06-11 00:00:00', '2025-06-11 00:00:00', NULL),
       (2, 'SOLVED_COUNT', 196, '2025-06-18 00:00:00', '2025-06-18 00:00:00', NULL),
       (2, 'SOLVED_COUNT', 193, '2025-06-25 00:00:00', '2025-06-25 00:00:00', NULL),
       (2, 'SOLVED_COUNT', 194, '2025-07-02 00:00:00', '2025-07-02 00:00:00', NULL),
       (2, 'SOLVED_COUNT', 198, '2025-07-09 00:00:00', '2025-07-09 00:00:00', NULL),
       (2, 'SOLVED_COUNT', 197, '2025-07-16 00:00:00', '2025-07-16 00:00:00', NULL),
       (2, 'SOLVED_COUNT', 199, '2025-07-23 00:00:00', '2025-07-23 00:00:00', NULL),
       (3, 'SOLVED_COUNT', 1, '2025-01-01 00:00:00', '2025-01-01 00:00:00', NULL),
       (3, 'SOLVED_COUNT', 42, '2025-01-08 00:00:00', '2025-01-08 00:00:00', NULL),
       (3, 'SOLVED_COUNT', 65, '2025-01-15 00:00:00', '2025-01-15 00:00:00', NULL),
       (3, 'SOLVED_COUNT', 81, '2025-01-22 00:00:00', '2025-01-22 00:00:00', NULL),
       (3, 'SOLVED_COUNT', 96, '2025-01-29 00:00:00', '2025-01-29 00:00:00', NULL),
       (3, 'SOLVED_COUNT', 104, '2025-02-05 00:00:00', '2025-02-05 00:00:00', NULL),
       (3, 'SOLVED_COUNT', 116, '2025-02-12 00:00:00', '2025-02-12 00:00:00', NULL),
       (3, 'SOLVED_COUNT', 124, '2025-02-19 00:00:00', '2025-02-19 00:00:00', NULL),
       (3, 'SOLVED_COUNT', 129, '2025-02-26 00:00:00', '2025-02-26 00:00:00', NULL),
       (3, 'SOLVED_COUNT', 136, '2025-03-05 00:00:00', '2025-03-05 00:00:00', NULL),
       (3, 'SOLVED_COUNT', 140, '2025-03-12 00:00:00', '2025-03-12 00:00:00', NULL),
       (3, 'SOLVED_COUNT', 146, '2025-03-19 00:00:00', '2025-03-19 00:00:00', NULL),
       (3, 'SOLVED_COUNT', 150, '2025-03-26 00:00:00', '2025-03-26 00:00:00', NULL),
       (3, 'SOLVED_COUNT', 158, '2025-04-02 00:00:00', '2025-04-02 00:00:00', NULL),
       (3, 'SOLVED_COUNT', 161, '2025-04-09 00:00:00', '2025-04-09 00:00:00', NULL),
       (3, 'SOLVED_COUNT', 164, '2025-04-16 00:00:00', '2025-04-16 00:00:00', NULL),
       (3, 'SOLVED_COUNT', 168, '2025-04-23 00:00:00', '2025-04-23 00:00:00', NULL),
       (3, 'SOLVED_COUNT', 173, '2025-04-30 00:00:00', '2025-04-30 00:00:00', NULL),
       (3, 'SOLVED_COUNT', 173, '2025-05-07 00:00:00', '2025-05-07 00:00:00', NULL),
       (3, 'SOLVED_COUNT', 177, '2025-05-14 00:00:00', '2025-05-14 00:00:00', NULL),
       (3, 'SOLVED_COUNT', 177, '2025-05-21 00:00:00', '2025-05-21 00:00:00', NULL),
       (3, 'SOLVED_COUNT', 183, '2025-05-28 00:00:00', '2025-05-28 00:00:00', NULL),
       (3, 'SOLVED_COUNT', 184, '2025-06-04 00:00:00', '2025-06-04 00:00:00', NULL),
       (3, 'SOLVED_COUNT', 187, '2025-06-11 00:00:00', '2025-06-11 00:00:00', NULL),
       (3, 'SOLVED_COUNT', 189, '2025-06-18 00:00:00', '2025-06-18 00:00:00', NULL),
       (3, 'SOLVED_COUNT', 186, '2025-06-25 00:00:00', '2025-06-25 00:00:00', NULL),
       (3, 'SOLVED_COUNT', 196, '2025-07-02 00:00:00', '2025-07-02 00:00:00', NULL),
       (3, 'SOLVED_COUNT', 195, '2025-07-09 00:00:00', '2025-07-09 00:00:00', NULL),
       (3, 'SOLVED_COUNT', 194, '2025-07-16 00:00:00', '2025-07-16 00:00:00', NULL),
       (3, 'SOLVED_COUNT', 200, '2025-07-23 00:00:00', '2025-07-23 00:00:00', NULL),
       (2, 'RANKING', 209, '2025-01-01 00:00:00', '2025-01-01 00:00:00', NULL),
       (2, 'RANKING', 178, '2025-01-08 00:00:00', '2025-01-08 00:00:00', NULL),
       (2, 'RANKING', 143, '2025-01-15 00:00:00', '2025-01-15 00:00:00', NULL),
       (2, 'RANKING', 153, '2025-01-22 00:00:00', '2025-01-22 00:00:00', NULL),
       (2, 'RANKING', 53, '2025-01-29 00:00:00', '2025-01-29 00:00:00', NULL),
       (2, 'RANKING', 71, '2025-02-05 00:00:00', '2025-02-05 00:00:00', NULL),
       (2, 'RANKING', 95, '2025-02-12 00:00:00', '2025-02-12 00:00:00', NULL),
       (2, 'RANKING', 51, '2025-02-19 00:00:00', '2025-02-19 00:00:00', NULL),
       (2, 'RANKING', 73, '2025-02-26 00:00:00', '2025-02-26 00:00:00', NULL),
       (2, 'RANKING', 76, '2025-03-05 00:00:00', '2025-03-05 00:00:00', NULL),
       (2, 'RANKING', 48, '2025-03-12 00:00:00', '2025-03-12 00:00:00', NULL),
       (2, 'RANKING', 80, '2025-03-19 00:00:00', '2025-03-19 00:00:00', NULL),
       (2, 'RANKING', 59, '2025-03-26 00:00:00', '2025-03-26 00:00:00', NULL),
       (2, 'RANKING', 58, '2025-04-02 00:00:00', '2025-04-02 00:00:00', NULL),
       (2, 'RANKING', 67, '2025-04-09 00:00:00', '2025-04-09 00:00:00', NULL),
       (2, 'RANKING', 30, '2025-04-16 00:00:00', '2025-04-16 00:00:00', NULL),
       (2, 'RANKING', 28, '2025-04-23 00:00:00', '2025-04-23 00:00:00', NULL),
       (2, 'RANKING', 9, '2025-04-30 00:00:00', '2025-04-30 00:00:00', NULL),
       (2, 'RANKING', 45, '2025-05-07 00:00:00', '2025-05-07 00:00:00', NULL),
       (2, 'RANKING', 30, '2025-05-14 00:00:00', '2025-05-14 00:00:00', NULL),
       (2, 'RANKING', 39, '2025-05-21 00:00:00', '2025-05-21 00:00:00', NULL),
       (2, 'RANKING', 33, '2025-05-28 00:00:00', '2025-05-28 00:00:00', NULL),
       (2, 'RANKING', 1, '2025-06-04 00:00:00', '2025-06-04 00:00:00', NULL),
       (2, 'RANKING', 1, '2025-06-11 00:00:00', '2025-06-11 00:00:00', NULL),
       (2, 'RANKING', 8, '2025-06-18 00:00:00', '2025-06-18 00:00:00', NULL),
       (2, 'RANKING', 22, '2025-06-25 00:00:00', '2025-06-25 00:00:00', NULL),
       (2, 'RANKING', 1, '2025-07-02 00:00:00', '2025-07-02 00:00:00', NULL),
       (2, 'RANKING', 1, '2025-07-09 00:00:00', '2025-07-09 00:00:00', NULL),
       (2, 'RANKING', 22, '2025-07-16 00:00:00', '2025-07-16 00:00:00', NULL),
       (2, 'RANKING', 1, '2025-07-23 00:00:00', '2025-07-23 00:00:00', NULL),
       (3, 'RANKING', 110, '2025-01-01 00:00:00', '2025-01-01 00:00:00', NULL),
       (3, 'RANKING', 69, '2025-01-08 00:00:00', '2025-01-08 00:00:00', NULL),
       (3, 'RANKING', 46, '2025-01-15 00:00:00', '2025-01-15 00:00:00', NULL),
       (3, 'RANKING', 52, '2025-01-22 00:00:00', '2025-01-22 00:00:00', NULL),
       (3, 'RANKING', 41, '2025-01-29 00:00:00', '2025-01-29 00:00:00', NULL),
       (3, 'RANKING', 77, '2025-02-05 00:00:00', '2025-02-05 00:00:00', NULL),
       (3, 'RANKING', 40, '2025-02-12 00:00:00', '2025-02-12 00:00:00', NULL),
       (3, 'RANKING', 15, '2025-02-19 00:00:00', '2025-02-19 00:00:00', NULL),
       (3, 'RANKING', 38, '2025-02-26 00:00:00', '2025-02-26 00:00:00', NULL),
       (3, 'RANKING', 24, '2025-03-05 00:00:00', '2025-03-05 00:00:00', NULL),
       (3, 'RANKING', 27, '2025-03-12 00:00:00', '2025-03-12 00:00:00', NULL),
       (3, 'RANKING', 53, '2025-03-19 00:00:00', '2025-03-19 00:00:00', NULL),
       (3, 'RANKING', 15, '2025-03-26 00:00:00', '2025-03-26 00:00:00', NULL),
       (3, 'RANKING', 24, '2025-04-02 00:00:00', '2025-04-02 00:00:00', NULL),
       (3, 'RANKING', 30, '2025-04-09 00:00:00', '2025-04-09 00:00:00', NULL),
       (3, 'RANKING', 24, '2025-04-16 00:00:00', '2025-04-16 00:00:00', NULL),
       (3, 'RANKING', 46, '2025-04-23 00:00:00', '2025-04-23 00:00:00', NULL),
       (3, 'RANKING', 37, '2025-04-30 00:00:00', '2025-04-30 00:00:00', NULL),
       (3, 'RANKING', 1, '2025-05-07 00:00:00', '2025-05-07 00:00:00', NULL),
       (3, 'RANKING', 6, '2025-05-14 00:00:00', '2025-05-14 00:00:00', NULL),
       (3, 'RANKING', 2, '2025-05-21 00:00:00', '2025-05-21 00:00:00', NULL),
       (3, 'RANKING', 36, '2025-05-28 00:00:00', '2025-05-28 00:00:00', NULL),
       (3, 'RANKING', 5, '2025-06-04 00:00:00', '2025-06-04 00:00:00', NULL),
       (3, 'RANKING', 32, '2025-06-11 00:00:00', '2025-06-11 00:00:00', NULL),
       (3, 'RANKING', 1, '2025-06-18 00:00:00', '2025-06-18 00:00:00', NULL),
       (3, 'RANKING', 23, '2025-06-25 00:00:00', '2025-06-25 00:00:00', NULL),
       (3, 'RANKING', 5, '2025-07-02 00:00:00', '2025-07-02 00:00:00', NULL),
       (3, 'RANKING', 1, '2025-07-09 00:00:00', '2025-07-09 00:00:00', NULL),
       (3, 'RANKING', 35, '2025-07-16 00:00:00', '2025-07-16 00:00:00', NULL),
       (3, 'RANKING', 16, '2025-07-23 00:00:00', '2025-07-23 00:00:00', NULL);

COMMIT;